time,sigma,output_effective_labor,capital_effective_labor,consumption_effective_labor,wage_productivity,ai_services_effective_labor,capability,ai_service_price,output_per_person_growth,wage_growth,consumption_per_person_growth,net_interest,labor_income_share,inference_output_share,research_output_share,profit_output_share,seed_time,capability_frontier_ratio,ai_services_counterfactual_ratio
-10.0,1.5,170959423.57808053,380911917.04559106,14241886.251025531,211853.5569007025,114580787189.91353,1002.185120714239,0.0009978196436276347,0.05815595439690955,0.04212377452405825,0.058109332515354516,0.09810933251535452,0.0012392037389149524,0.668760796261085,0.0,0.0,180.0,0.9,1.0
-9.97999999999999,1.5,171124156.54112348,381279875.61061764,14255596.14759957,211989.71081166755,114691262997.87341,1002.185120714239,0.0009978196436276347,0.058155582157296104,0.042123519858078315,0.05810897524589461,0.09810897524589461,0.0012388064613234398,0.6687611935386765,0.0,0.0,180.02,0.9,1.0
-9.960000000000008,1.5,171289046.9624387,381648186.4780923,14269319.140009236,212125.95114569485,114801844446.78714,1002.185120714239,0.0009978196436276347,0.058155210040834834,0.04212326527643449,0.058108618094663715,0.09810861809466372,0.0012384093140071657,0.6687615906859928,0.0,0.0,180.04,0.9,1.0
-9.939999999999998,1.5,171454094.99172089,382016849.98332036,14283055.240699166,212262.27795730135,114912531637.11511,1002.185120714239,0.0009978196436276347,0.058154838047483746,0.042123010779097955,0.058108261061621445,0.09810826106162145,0.0012380122969215227,0.6687619877030784,0.0,0.0,180.06,0.9,1.0
-9.919999999999987,1.5,171619300.77880114,382385866.4619184,14296804.462125445,212398.69130103273,115023324669.40974,1002.185120714239,0.0009978196436276347,0.05815446617719891,0.04212275636603857,0.058107904146725474,0.09810790414672547,0.0012376154100219299,0.668762384589978,0.0,0.0,180.08,0.9,1.0
-9.900000000000006,1.5,171784664.47365692,382755236.24982446,14310566.816755958,212535.19123147512,115134223644.31921,1002.185120714239,0.0009978196436276347,0.058154094429938845,0.04212250203722787,0.058107547349935916,0.09810754734993592,0.0012372186532638204,0.6687627813467362,0.0,0.0,180.1,0.9,1.0
-9.879999999999995,1.5,171950186.22640607,383124959.6832965,14324342.317070616,212671.77780324462,115245228662.588,1002.185120714239,0.0009978196436276347,0.058153722805660155,0.04212224779263608,0.05810719067121097,0.09810719067121097,0.0012368220266026381,0.6687631779733973,0.0,0.0,180.12,0.9,1.0
-9.860000000000014,1.5,172115866.18730882,383495037.09891057,14338130.975561112,212808.45107099405,115356339825.05653,1002.185120714239,0.0009978196436276347,0.05815335130431987,0.04212199363223374,0.0581068341105092,0.0981068341105092,0.0012364255299938498,0.668763574470006,0.0,0.0,180.14,0.9,1.0
-9.840000000000003,1.5,172281704.5067672,383865468.8335578,14351932.80473067,212945.2110894088,115467557232.65883,1002.185120714239,0.0009978196436276347,0.058152979925876126,0.0421217395559921,0.058106477667790334,0.09810647766779033,0.0012360291633929377,0.668763970836607,0.0,0.0,180.16,0.9,1.0
-9.819999999999993,1.5,172447701.33532903,384236255.22445863,14365747.817094928,213082.05791321228,115578880986.42712,1002.185120714239,0.0009978196436276347,0.058152608670285905,0.04212148556388167,0.05810612134301298,0.09810612134301298,0.001235632926755392,0.6687643670732445,0.0,0.0,180.18,0.9,1.0
-9.800000000000011,1.5,172613856.82367924,384607396.6091429,14379576.025180776,213218.99159715738,115690311187.48698,1002.185120714239,0.0009978196436276347,0.05815223753750588,0.042121231655872705,0.058105765136135266,0.09810576513613527,0.0012352368200367328,0.6687647631799631,0.0,0.0,180.2,0.9,1.0
-9.780000000000001,1.5,172780171.12265372,384978893.3254714,14393417.44152754,213356.01219603847,115801847937.06279,1002.185120714239,0.0009978196436276347,0.058151866527495204,0.04212097783193718,0.058105409047117966,0.09810540904711797,0.0012348408431924784,0.6687651591568075,0.0,0.0,180.22,0.9,1.0
-9.759999999999991,1.5,172946644.38322216,385350745.7116147,14407272.078686029,213493.11976467576,115913491336.47287,1002.185120714239,0.0009978196436276347,0.05815149564020933,0.04212072409204455,0.05810505307591809,0.09810505307591809,0.0012344449961781813,0.6687655550038217,0.0,0.0,180.24,0.9,1.0
-9.740000000000009,1.5,173113276.75650418,385722954.1060714,14421139.949219042,213630.31435793167,116025241487.13203,1002.185120714239,0.0009978196436276347,0.05815112487560692,0.042120470436166436,0.05810469722249586,0.09810469722249586,0.0012340492789493988,0.6687659507210505,0.0,0.0,180.26,0.9,1.0
-9.719999999999999,1.5,173280068.3937614,386095518.8476624,14435021.065701501,213767.59603070057,116137098490.55132,1002.185120714239,0.0009978196436276347,0.0581507542336452,0.042120216864273495,0.05810434148680995,0.09810434148680995,0.0012336536914617066,0.6687663463085383,0.0,0.0,180.28,0.9,1.0
-9.699999999999989,1.5,173447019.4463959,386468440.2755249,14448915.440719934,213904.96483790956,116249062448.33842,1002.185120714239,0.0009978196436276347,0.0581503837142806,0.042119963376335855,0.05810398586881845,0.09810398586881845,0.0012332582336706981,0.6687667417663293,0.0,0.0,180.3,0.9,1.0
-9.680000000000007,1.5,173614130.06595266,386841718.7291083,14462823.08687265,214042.42083451967,116361133462.19374,1002.185120714239,0.0009978196436276347,0.05815001331747279,0.0421197099723258,0.058103630368482644,0.09810363036848264,0.0012328629055319933,0.6687671370944679,0.0,0.0,180.32,0.9,1.0
-9.659999999999997,1.5,173781400.4041111,387215354.54817575,14476744.016769433,214179.96407551944,116473311633.91074,1002.185120714239,0.0009978196436276347,0.05814964304317657,0.04211945665221238,0.05810327498575906,0.09810327498575906,0.0012324677070012402,0.6687675322929987,0.0,0.0,180.34,0.9,1.0
-9.639999999999986,1.5,173948830.6126981,387589348.07280886,14490678.243032075,214317.59461593427,116585597065.37946,1002.185120714239,0.0009978196436276347,0.058149272891351224,0.04211920341596761,0.058102919720608985,0.09810291972060899,0.0012320726380341035,0.6687679273619659,0.0,0.0,180.36,0.9,1.0
-9.620000000000005,1.5,174116420.8436809,387963699.6434146,14504625.778294325,214455.31251082252,116697989858.58572,1002.185120714239,0.0009978196436276347,0.05814890286195212,0.04211895026356094,0.05810256457298945,0.09810256457298945,0.0012316776985862657,0.6687683223014137,0.0,0.0,180.38,0.9,1.0
-9.599999999999994,1.5,174284171.24917373,388338409.6007188,14518586.635201754,214593.11781527867,116810490115.61372,1002.185120714239,0.0009978196436276347,0.05814853295493866,0.042118697194964444,0.058102209542861764,0.09810220954286177,0.0012312828886134211,0.6687687171113865,0.0,0.0,180.4,0.9,1.0
-9.580000000000013,1.5,174452081.98143148,388713478.2857734,14532560.82641202,214731.01058442975,116923097938.64197,1002.185120714239,0.0009978196436276347,0.05814816317026608,0.04211844421014747,0.05810185463018296,0.09810185463018296,0.0012308882080712875,0.6687691117919288,0.0,0.0,180.42,0.9,1.0
-9.560000000000002,1.5,174620153.19285768,389088906.0399539,14546548.364594832,214868.99087344026,117035813429.94792,1002.185120714239,0.0009978196436276347,0.05814779350789337,0.04211819130908186,0.058101499834913854,0.09810149983491386,0.0012304936569155918,0.6687695063430843,0.0,0.0,180.44,0.9,1.0
-9.539999999999992,1.5,174788385.03599656,389464693.2049597,14560549.262431905,215007.05873750715,117148636691.90562,1002.185120714239,0.0009978196436276347,0.058147423967776286,0.0421179384917373,0.058101145157011945,0.09810114515701195,0.0012300992351020794,0.6687699007648978,0.0,0.0,180.46,0.9,1.0
-9.52000000000001,1.5,174956777.66354075,389840840.12281454,14574563.532616865,215145.21423186493,117261567826.98537,1002.185120714239,0.0009978196436276347,0.05814705454987383,0.04211768575808562,0.05810079059643807,0.09810079059643807,0.0012297049425865083,0.6687702950574135,0.0,0.0,180.48,0.9,1.0
-9.5,1.5,175125331.2283233,390217347.13586384,14588591.18785543,215283.45741177947,117374606937.75545,1002.185120714239,0.0009978196436276347,0.05814668525414221,0.04211743310809681,0.058100436153150296,0.0981004361531503,0.0012293107793246605,0.6687706892206752,0.0,0.0,180.5,0.9,1.0
-9.47999999999999,1.5,175294045.88332713,390594214.58678347,14602632.240865408,215421.78833255576,117487754126.88182,1002.185120714239,0.0009978196436276347,0.058146316080540036,0.04211718054174245,0.05810008182710887,0.09810008182710887,0.001228916745272324,0.6687710832547276,0.0,0.0,180.52,0.9,1.0
-9.460000000000008,1.5,175462921.78167397,390971442.8185689,14616686.70437655,215560.20704952828,117601009497.12616,1002.185120714239,0.0009978196436276347,0.058145947029022475,0.042116928058991844,0.05809972761827086,0.09809972761827086,0.0012285228403853122,0.6687714771596145,0.0,0.0,180.54,0.9,1.0
-9.439999999999998,1.5,175631959.0766382,391349032.17454374,14630754.591130683,215698.71361807222,117714373151.34924,1002.185120714239,0.0009978196436276347,0.058145578099550135,0.04211667565981789,0.0580993735265986,0.0980993735265986,0.0012281290646194458,0.6687718709353805,0.0,0.0,180.56,0.9,1.0
-9.419999999999987,1.5,175801157.92163262,391726982.9983589,14644835.913881961,215837.30809359346,117827845192.5081,1002.185120714239,0.0009978196436276347,0.058145209292077255,0.04211642334418927,0.058099019552048096,0.0980990195520481,0.0012277354179305675,0.6687722645820694,0.0,0.0,180.58,0.9,1.0
-9.400000000000006,1.5,175970518.47022116,392105295.6339871,14658930.68539627,215975.9905315359,117941425723.65912,1002.185120714239,0.0009978196436276347,0.058144840606564385,0.04211617111207886,0.05809866569458171,0.09809866569458171,0.001227341900274533,0.6687726580997253,0.0,0.0,180.6,0.9,1.0
-9.379999999999995,1.5,176140040.8761083,392483970.4257303,14673038.918451745,216114.76098737543,118055114847.9547,1002.185120714239,0.0009978196436276347,0.05814447204296686,0.04211591896345608,0.05809831195415648,0.09809831195415648,0.0012269485116072154,0.6687730514883926,0.0,0.0,180.62,0.9,1.0
-9.360000000000014,1.5,176309725.29314795,392863007.71821713,14687160.625838634,216253.61951662472,118168912668.64508,1002.185120714239,0.0009978196436276347,0.05814410360124313,0.042115666898292374,0.05809795833073266,0.09809795833073266,0.0012265552518845033,0.6687734447481154,0.0,0.0,180.64,0.9,1.0
-9.340000000000003,1.5,176479571.87533873,393242407.85640323,14701295.82035941,216392.5661748316,118282819289.0805,1002.185120714239,0.0009978196436276347,0.05814373528135068,0.042115414916558604,0.05809760482426942,0.09809760482426942,0.001226162121062299,0.6687738378789376,0.0,0.0,180.66,0.9,1.0
-9.319999999999993,1.5,176649580.77682588,393622171.18557155,14715444.51482858,216531.60101757967,118396834812.70753,1002.185120714239,0.0009978196436276347,0.05814336708324741,0.04211516301822588,0.05809725143472646,0.09809725143472646,0.0012257691190965222,0.6687742308809034,0.0,0.0,180.68,0.9,1.0
-9.300000000000011,1.5,176819752.15189752,394002298.0513299,14729606.722072633,216670.7241004837,118510959343.06955,1002.185120714239,0.0009978196436276347,0.05814299900688975,0.04211491120326434,0.05809689816206195,0.09809689816206195,0.0012253762459431131,0.6687746237540568,0.0,0.0,180.7,0.9,1.0
-9.280000000000001,1.5,176990086.1549932,394382788.7996197,14743782.454930585,216809.93547919905,118625192983.81194,1002.185120714239,0.0009978196436276347,0.05814263105223622,0.0421146594716455,0.05809654500623603,0.09809654500623603,0.0012249835015580184,0.6687750164984418,0.0,0.0,180.72,0.9,1.0
-9.259999999999991,1.5,177160582.9406964,394763643.7767062,14757971.726253306,216949.23520941305,118739535838.67499,1002.185120714239,0.0009978196436276347,0.05814226321924473,0.04211440782334049,0.05809619196720852,0.09809619196720852,0.0012245908858972076,0.6687754091141027,0.0,0.0,180.74,0.9,1.0
-9.240000000000009,1.5,177331242.6637351,395144863.32918215,14772174.548903951,217088.6233468474,118853988011.49777,1002.185120714239,0.0009978196436276347,0.058141895507872306,0.04211415625831984,0.058095839044938,0.098095839044938,0.0012241983989166655,0.6687758016010833,0.0,0.0,180.76,0.9,1.0
-9.219999999999999,1.5,177502065.4789879,395526447.80397445,14786390.935757862,217228.09994726125,118968549606.21996,1002.185120714239,0.0009978196436276347,0.058141527918076856,0.042113904776554675,0.0580954862393842,0.0980954862393842,0.0012238060405723881,0.6687761939594274,0.0,0.0,180.78,0.9,1.0
-9.199999999999989,1.5,177673051.54147768,395908397.54833376,14800620.899702644,217367.66506644784,119083220726.87766,1002.185120714239,0.0009978196436276347,0.05814116044981645,0.04211365337801622,0.05809513355050682,0.09809513355050682,0.0012234138108203946,0.6687765861891796,0.0,0.0,180.8,0.9,1.0
-9.180000000000007,1.5,177844201.00637493,396290712.909843,14814864.453638002,217507.3187602352,119198001477.60564,1002.185120714239,0.0009978196436276347,0.058140793103048524,0.04211340206267528,0.05809478097826506,0.09809478097826506,0.0012230217096167143,0.6687769782903833,0.0,0.0,180.82,0.9,1.0
-9.159999999999997,1.5,178015514.0289972,396673394.23641646,14829121.610476032,217647.06108448733,119312891962.63995,1002.185120714239,0.0009978196436276347,0.058140425877730044,0.04211315083050236,0.058094428522617585,0.09809442852261759,0.0012226297369173924,0.6687773702630826,0.0,0.0,180.84,0.9,1.0
-9.139999999999986,1.5,178186990.7648113,397056441.8762955,14843392.383140856,217786.89209510508,119427892286.31297,1002.185120714239,0.0009978196436276347,0.058140058773820634,0.042112899681469716,0.058094076183525654,0.09809407618352566,0.001222237892678492,0.6687777621073214,0.0,0.0,180.86,0.9,1.0
-9.120000000000005,1.5,178358631.36942625,397439856.17805064,14857676.78456895,217926.8118480191,119543002553.05598,1002.185120714239,0.0009978196436276347,0.05813969179127616,0.04211264861554711,0.058093723960946884,0.09809372396094689,0.0012218461768560946,0.6687781538231438,0.0,0.0,180.88,0.9,1.0
-9.099999999999994,1.5,178530435.9986044,397823637.49058884,14871974.827709101,218066.82039920118,119658222867.401,1002.185120714239,0.0009978196436276347,0.05813932493005521,0.04211239763270612,0.058093371854841556,0.09809337185484156,0.0012214545894062906,0.6687785454105937,0.0,0.0,180.9,0.9,1.0
-9.080000000000013,1.5,178702404.8082525,398207786.16314375,14886286.52552237,218206.9178046569,119773553333.9775,1002.185120714239,0.0009978196436276347,0.058138958190115324,0.04211214673291761,0.058093019865168787,0.09809301986516879,0.001221063130285193,0.6687789368697148,0.0,0.0,180.92,0.9,1.0
-9.060000000000002,1.5,178874537.95442778,398592302.54528195,14900611.890982,218347.10412042635,119888994057.51624,1002.185120714239,0.0009978196436276347,0.05813859157141552,0.04211189591615348,0.058092667991889384,0.09809266799188938,0.0012206717994489248,0.668779328200551,0.0,0.0,180.94,0.9,1.0
-9.039999999999992,1.5,179046835.59333217,398977186.9869003,14914950.937073579,218487.37940258498,120004545142.8448,1002.185120714239,0.0009978196436276347,0.05813822507391287,0.04211164518238426,0.05809231623496202,0.09809231623496202,0.0012202805968536286,0.6687797194031464,0.0,0.0,180.96,0.9,1.0
-9.02000000000001,1.5,179219297.88131693,399362439.83823043,14929303.676795056,218627.74370724292,120120206694.89226,1002.185120714239,0.0009978196436276347,0.05813785869756434,0.042111394531580464,0.05809196459434534,0.09809196459434534,0.0012198895224554609,0.6687801104775445,0.0,0.0,180.98,0.9,1.0
-9.0,1.5,179391924.97488168,399748061.4498307,14943670.123156592,218768.19709054718,120235978818.68553,1002.185120714239,0.0009978196436276347,0.058137492442329054,0.042111143963714015,0.058091613070000096,0.0980916130700001,0.0012194985762105995,0.6687805014237893,0.0,0.0,181.0,0.9,1.0
-8.97999999999999,1.5,179564717.03067616,400134052.1725991,14958050.289180681,218908.73960868025,120351861619.35234,1002.185120714239,0.0009978196436276347,0.05813712630816506,0.04211089347875615,0.058091261661886044,0.09809126166188605,0.0012191077580752285,0.6687808922419248,0.0,0.0,181.02,0.9,1.0
-8.960000000000008,1.5,179737674.2054956,400520412.3577639,14972444.187902424,219049.3713178589,120467855202.11975,1002.185120714239,0.0009978196436276347,0.058136760295028844,0.042110643076677036,0.0580909103699613,0.0980909103699613,0.0012187170680055528,0.6687812829319943,0.0,0.0,181.04,0.9,1.0
-8.939999999999998,1.5,179910796.6562857,400907142.3568822,14986851.832368799,219190.09227433655,120583959672.31369,1002.185120714239,0.0009978196436276347,0.058136394402880154,0.04211039275744902,0.058090559194187145,0.09809055919418715,0.001218326505957798,0.6687816734940422,0.0,0.0,181.06,0.9,1.0
-8.919999999999987,1.5,180084084.54014164,401294242.52185345,15001273.235639626,219330.90253440128,120700175135.36258,1002.185120714239,0.0009978196436276347,0.05813602863167591,0.042110142521042566,0.05809020813452228,0.09809020813452228,0.0012179360718881935,0.6687820639281117,0.0,0.0,181.08,0.9,1.0
-8.900000000000006,1.5,180257538.01430494,401681713.20490223,15015708.410786837,219471.80215437675,120816501696.79137,1002.185120714239,0.0009978196436276347,0.05813566298137423,0.042109892367428965,0.0580898571909264,0.0980898571909264,0.0012175457657529968,0.6687824542342469,0.0,0.0,181.1,0.9,1.0
-8.879999999999995,1.5,180431157.23616946,402069554.75859326,15030157.370894756,219612.79119062333,120932939462.2285,1002.185120714239,0.0009978196436276347,0.05813529745193378,0.042109642296579826,0.05808950636335974,0.09808950636335974,0.0012171555875084728,0.6687828444124914,0.0,0.0,181.12,0.9,1.0
-8.860000000000014,1.5,180604942.36327627,402457767.53582555,15044620.129060267,219753.86969953577,121049488537.40004,1002.185120714239,0.0009978196436276347,0.058134932043311584,0.04210939230846569,0.058089155651781015,0.09808915565178102,0.0012167655371109036,0.668783234462889,0.0,0.0,181.14,0.9,1.0
-8.840000000000003,1.5,180778893.55331594,402846351.88982755,15059096.69839245,219895.03773754401,121166149028.13313,1002.185120714239,0.0009978196436276347,0.0581345667554668,0.042109142403058526,0.05808880505615096,0.09808880505615096,0.0012163756145165906,0.6687836243854833,0.0,0.0,181.16,0.9,1.0
-8.819999999999993,1.5,180953010.964131,403235308.17417127,15073587.092013083,220036.29536111676,121282921040.35616,1002.185120714239,0.0009978196436276347,0.05813420158835755,0.04210889258032959,0.0580884545764293,0.0980884545764293,0.0012159858196818453,0.6687840141803181,0.0,0.0,181.18,0.9,1.0
-8.800000000000011,1.5,181127294.7537066,403624636.74275285,15088091.323055945,220177.64262675127,121399804680.09492,1002.185120714239,0.0009978196436276347,0.05813383654194037,0.042108642840249115,0.0580881042125742,0.0980881042125742,0.001215596152563007,0.668784403847437,0.0,0.0,181.2,0.9,1.0
-8.780000000000001,1.5,181301745.08018732,404014337.9498185,15102609.404667914,220319.0795909899,121516800053.48096,1002.185120714239,0.0009978196436276347,0.058133471616174444,0.04210839318278906,0.0580877539645464,0.0980877539645464,0.001215206613116412,0.6687847933868836,0.0,0.0,181.22,0.9,1.0
-8.759999999999991,1.5,181476362.10186058,404404412.14993626,15117141.35000757,220460.60631040277,121633907266.74127,1002.185120714239,0.0009978196436276347,0.0581331068110184,0.04210814360792106,0.05808740383230617,0.09808740383230617,0.00121481720129843,0.6687851827987015,0.0,0.0,181.24,0.9,1.0
-8.740000000000009,1.5,181651145.97716713,404794859.6980222,15131687.172246613,220602.22284160054,121751126426.20659,1002.185120714239,0.0009978196436276347,0.05813274212642939,0.042107894115615704,0.05808705381581219,0.09808705381581219,0.0012144279170654344,0.6687855720829345,0.0,0.0,181.26,0.9,1.0
-8.719999999999999,1.5,181826096.86469856,405185680.94932324,15146246.884568956,220743.92924122867,121868457638.30852,1002.185120714239,0.0009978196436276347,0.058132377562367055,0.042107644705845305,0.05808670391502576,0.09808670391502576,0.0012140387603738183,0.6687859612396261,0.0,0.0,181.28,0.9,1.0
-8.699999999999989,1.5,182001214.92319226,405576876.2594221,15160820.500170795,220885.72556596453,121985901009.57869,1002.185120714239,0.0009978196436276347,0.05813201311878806,0.04210739537858015,0.058086354129905,0.098086354129905,0.0012136497311799922,0.6687863502688199,0.0,0.0,181.3,0.9,1.0
-8.680000000000007,1.5,182176500.311542,405968445.98424464,15175408.032261262,221027.61187252752,122103456646.64848,1002.185120714239,0.0009978196436276347,0.05813164879565159,0.042107146133792225,0.05808600446041073,0.09808600446041073,0.0012132608294403823,0.6687867391705595,0.0,0.0,181.32,0.9,1.0
-8.659999999999997,1.5,182351953.18878767,406360390.4800486,15190009.49406174,221169.5882176681,122221124656.25212,1002.185120714239,0.0009978196436276347,0.05813128459291521,0.04210689697145244,0.0580856549065021,0.0980856549065021,0.001212872055111428,0.6687871279448885,0.0,0.0,181.34,0.9,1.0
-8.639999999999986,1.5,182527573.71412376,406752710.1034342,15204624.898806194,221311.6546581753,122338905145.22635,1002.185120714239,0.0009978196436276347,0.05813092051053823,0.042106647891532845,0.05808530546813997,0.09808530546813997,0.0012124834081495845,0.6687875165918503,0.0,0.0,181.36,0.9,1.0
-8.620000000000005,1.5,182703362.04689184,407145405.21133566,15219254.25974108,221453.8112508717,122456798220.5066,1002.185120714239,0.0009978196436276347,0.05813055654847825,0.04210639889400437,0.058084956145283466,0.09808495614528347,0.0012120948885113243,0.6687879051114886,0.0,0.0,181.38,0.9,1.0
-8.599999999999994,1.5,182879318.34658787,407538476.1610317,15233897.590125576,221596.05805261753,122574803989.1306,1002.185120714239,0.0009978196436276347,0.05813019270669347,0.042106149978838346,0.05808460693789235,0.09808460693789235,0.001211706496153135,0.6687882935038467,0.0,0.0,181.4,0.9,1.0
-8.580000000000013,1.5,183055442.77285564,407931923.3101343,15248554.903231252,221738.39512030757,122692922558.23715,1002.185120714239,0.0009978196436276347,0.05812982898514153,0.04210590114600572,0.05808425784592582,0.09808425784592582,0.0012113182310315215,0.6687886817689684,0.0,0.0,181.42,0.9,1.0
-8.560000000000002,1.5,183231735.48549366,408325747.0165961,15263226.212342324,221880.82251087352,122811154035.06793,1002.185120714239,0.0009978196436276347,0.05812946538378219,0.04210565239547887,0.05808390886934519,0.09808390886934519,0.0012109300931030006,0.6687890699068969,0.0,0.0,181.44,0.9,1.0
-8.539999999999992,1.5,183408196.64445254,408719947.63871527,15277911.530755645,222023.34028128462,122929498526.96722,1002.185120714239,0.0009978196436276347,0.05812910190257374,0.042105403727229165,0.05808356000811018,0.09808356000811018,0.001210542082324105,0.6687894579176759,0.0,0.0,181.46,0.9,1.0
-8.52000000000001,1.5,183584826.40983,409114525.5351199,15292610.87178051,222165.94848854214,123047956141.37717,1002.185120714239,0.0009978196436276347,0.05812873854147433,0.042105155141227917,0.058083211262180516,0.09808321126218052,0.0012101541986513874,0.6687898458013486,0.0,0.0,181.48,0.9,1.0
-8.5,1.5,183761624.94187883,409509481.06478703,15307324.248739097,222308.64718968567,123166526985.84438,1002.185120714239,0.0009978196436276347,0.058128375300441536,0.042104906637446024,0.05808286263151543,0.09808286263151543,0.001209766442041415,0.6687902335579585,0.0,0.0,181.5,0.9,1.0
-8.47999999999999,1.5,183938592.4010024,409904814.5870299,15322051.674965946,222451.43644179005,123285211168.01881,1002.185120714239,0.0009978196436276347,0.058128012179433766,0.04210465821585496,0.05808251411607462,0.09808251411607462,0.0012093788124507656,0.6687906211875492,0.0,0.0,181.52,0.9,1.0
-8.460000000000008,1.5,184115728.9477582,410300526.4615013,15336793.163808282,222594.31630196766,123404008795.64941,1002.185120714239,0.0009978196436276347,0.05812764917841123,0.04210440987642739,0.05808216571581994,0.09808216571581994,0.0012089913098360405,0.668791008690164,0.0,0.0,181.54,0.9,1.0
-8.439999999999998,1.5,184293034.74285516,410696617.04820263,15351548.728626205,222737.28682736622,123522919976.58998,1002.185120714239,0.0009978196436276347,0.05812728629733113,0.042104161619133995,0.05808181743071011,0.09808181743071011,0.0012086039341538467,0.6687913960658461,0.0,0.0,181.56,0.9,1.0
-8.419999999999987,1.5,184470509.94715405,411093086.707471,15366318.38279236,222880.3480751694,123641944818.79565,1002.185120714239,0.0009978196436276347,0.058126923536152265,0.042103913443946456,0.05808146926070531,0.09808146926070531,0.0012082166853608135,0.6687917833146392,0.0,0.0,181.58,0.9,1.0
-8.400000000000006,1.5,184648154.72166085,411489935.79997087,15381102.139691364,223023.5001025907,123761083430.31871,1002.185120714239,0.0009978196436276347,0.05812656089483268,0.04210366535083605,0.05808112120576533,0.09808112120576533,0.0012078295634136004,0.6687921704365863,0.0,0.0,181.6,0.9,1.0
-8.379999999999995,1.5,184825969.22753364,411887164.68670595,15395900.012720678,223166.74296687896,123880335919.31299,1002.185120714239,0.0009978196436276347,0.05812619837333092,0.04210341733977432,0.05808077326585045,0.09808077326585045,0.001207442568268885,0.668792557431731,0.0,0.0,181.62,0.9,1.0
-8.360000000000014,1.5,185003953.62607983,412284773.72901505,15410712.015290136,223310.07672531786,123999702394.03442,1002.185120714239,0.0009978196436276347,0.058125835971605436,0.04210316941073275,0.05808042544092087,0.09808042544092087,0.0012070556998833673,0.6687929443001165,0.0,0.0,181.64,0.9,1.0
-8.340000000000003,1.5,185182108.07875916,412682763.2885799,15425538.16082216,223453.50143522487,124119182962.83942,1002.185120714239,0.0009978196436276347,0.05812547368961424,0.04210292156368256,0.058080077730936396,0.0980800777309364,0.0012066689582137626,0.6687933310417863,0.0,0.0,181.66,0.9,1.0
-8.319999999999993,1.5,185360432.74718708,413081133.7274297,15440378.462752284,223597.01715395684,124238777734.18883,1002.185120714239,0.0009978196436276347,0.058125111527315684,0.04210267379859518,0.05807973013585723,0.09807973013585723,0.001206282343216799,0.6687937176567831,0.0,0.0,181.68,0.9,1.0
-8.300000000000011,1.5,185538927.79312885,413479885.4079312,15455232.934528334,223740.62393890353,124358486816.64594,1002.185120714239,0.0009978196436276347,0.05812474948466783,0.04210242611544185,0.05807938265564313,0.09807938265564313,0.0012058958548492227,0.6687941041451507,0.0,0.0,181.7,0.9,1.0
-8.280000000000001,1.5,185717593.37850708,413879018.6927994,15470101.589611202,223884.3218474946,124478310318.87737,1002.185120714239,0.0009978196436276347,0.05812438756163027,0.042102178514194816,0.05807903529025545,0.09807903529025545,0.0012055094930677943,0.6687944905069321,0.0,0.0,181.72,0.9,1.0
-8.259999999999991,1.5,185896429.6653933,414278533.94509053,15484984.44147427,224028.11093719263,124598248349.65102,1002.185120714239,0.0009978196436276347,0.05812402575815984,0.042101930994824524,0.05807868803965282,0.09807868803965282,0.0012051232578292933,0.6687948767421706,0.0,0.0,181.74,0.9,1.0
-8.240000000000009,1.5,186075436.8160165,414678431.52820796,15499881.503604012,224171.99126549857,124718301017.84013,1002.185120714239,0.0009978196436276347,0.058123664074215674,0.0421016835573029,0.05807834090379609,0.0980783409037961,0.0012047371490905075,0.6687952628509095,0.0,0.0,181.76,0.9,1.0
-8.219999999999999,1.5,186254614.99275693,415078711.8058972,15514792.78949935,224315.9628899479,124838468432.42029,1002.185120714239,0.0009978196436276347,0.05812330250975564,0.04210143620160109,0.05807799388264497,0.09807799388264497,0.0012043511668082471,0.6687956488331918,0.0,0.0,181.78,0.9,1.0
-8.199999999999989,1.5,186433964.35815206,415479375.1422515,15529718.31267228,224460.02586811496,124958750702.4708,1002.185120714239,0.0009978196436276347,0.058122941064739406,0.04210118892769137,0.05807764697616077,0.09807764697616077,0.0012039653109393335,0.6687960346890606,0.0,0.0,181.8,0.9,1.0
-8.180000000000007,1.5,186613485.07488936,415880421.90170676,15544658.086647376,224604.18025760827,125079147937.1731,1002.185120714239,0.0009978196436276347,0.05812257973912444,0.042100941735544614,0.0580773001843027,0.0980773001843027,0.0012035795814406068,0.6687964204185594,0.0,0.0,181.82,0.9,1.0
-8.159999999999997,1.5,186793177.30581126,416281852.4490445,15559612.124962032,224748.4261160716,125199660245.81258,1002.185120714239,0.0009978196436276347,0.05812221853286871,0.042100694625131975,0.058076953507030536,0.09807695350703054,0.0012031939782689224,0.668796806021731,0.0,0.0,181.84,0.9,1.0
-8.139999999999986,1.5,186973041.2139185,416683667.14939696,15574580.441166798,224892.763501189,125320287737.78001,1002.185120714239,0.0009978196436276347,0.05812185744593182,0.042100447596425755,0.0580766069443056,0.0980766069443056,0.0012028085013811474,0.6687971914986187,0.0,0.0,181.86,0.9,1.0
-8.120000000000005,1.5,187153076.9623644,417085866.3682395,15589563.048824681,225037.1924706798,125441030522.56944,1002.185120714239,0.0009978196436276347,0.05812149647827294,0.0421002006493979,0.058076260496088654,0.09807626049608865,0.0012024231507341643,0.6687975768492657,0.0,0.0,181.88,0.9,1.0
-8.099999999999994,1.5,187333284.7144522,417488450.47139156,15604559.961511703,225181.71308229523,125561888709.77562,1002.185120714239,0.0009978196436276347,0.05812113562984837,0.04209995378401851,0.05807591416233789,0.0980759141623379,0.0012020379262848802,0.668797962073715,0.0,0.0,181.9,0.9,1.0
-8.080000000000013,1.5,187513664.6336466,417891419.8250239,15619571.192816757,225326.32539382865,125682862409.1003,1002.185120714239,0.0009978196436276347,0.058120774900618316,0.042099707000260236,0.058075567943015154,0.09807556794301515,0.0012016528279902056,0.6687983471720097,0.0,0.0,181.92,0.9,1.0
-8.060000000000002,1.5,187694216.88356403,418294774.79565316,15634596.756341495,225471.02946310746,125803951730.34927,1002.185120714239,0.0009978196436276347,0.05812041429054084,0.04209946029809432,0.058075221838080164,0.09807522183808016,0.0012012678558070756,0.6687987321441928,0.0,0.0,181.94,0.9,1.0
-8.039999999999992,1.5,187874941.62797716,418698515.7501438,15649636.66570074,225615.82534799594,125925156783.4302,1002.185120714239,0.0009978196436276347,0.05812005379957503,0.042099213677492704,0.05807487584749376,0.09807487584749376,0.001200883009692435,0.6687991169903075,0.0,0.0,181.96,0.9,1.0
-8.02000000000001,1.5,188055839.03081208,419102643.0557084,15664690.934521884,225760.7131063932,126046477678.35806,1002.185120714239,0.0009978196436276347,0.05811969342767837,0.04209896713842624,0.05807452997121517,0.09807452997121517,0.0012004982896032463,0.6687995017103967,0.0,0.0,181.98,0.9,1.0
-8.0,1.5,188236909.25615284,419507157.0799063,15679759.576445395,225905.69279623902,126167914525.24902,1002.185120714239,0.0009978196436276347,0.05811933317481106,0.042098720680867584,0.058074184209206174,0.09807418420920617,0.0012001136954964897,0.6687998863045034,0.0,0.0,182.0,0.9,1.0
-7.97999999999999,1.5,188418152.4682364,419912058.1906484,15694842.605124729,226050.76447550402,126289467434.32588,1002.185120714239,0.0009978196436276347,0.058118973040930076,0.042098474304787276,0.058073838561425555,0.09807383856142556,0.0011997292273291556,0.6688002707726708,0.0,0.0,182.02,0.9,1.0
-7.960000000000008,1.5,188599568.8314587,420317346.75619495,15709940.034226218,226195.92820220185,126411136515.91597,1002.185120714239,0.0009978196436276347,0.058118613025995115,0.04209822801015765,0.05807349302783459,0.0980734930278346,0.0011993448850582517,0.6688006551149417,0.0,0.0,182.04,0.9,1.0
-7.939999999999998,1.5,188781158.51036686,420723023.14514935,15725051.877428984,226341.1840343759,126532921880.44806,1002.185120714239,0.0009978196436276347,0.058118253129964235,0.042097981796949936,0.05807314760839304,0.09807314760839304,0.0011989606686408083,0.6688010393313591,0.0,0.0,182.06,0.9,1.0
-7.9199999999999875,1.5,188962921.66966936,421129087.7264723,15740178.148425328,226486.5320301127,126654823638.45964,1002.185120714239,0.0009978196436276347,0.058117893352797045,0.042097735665136415,0.05807280230306224,0.09807280230306224,0.001198576578033859,0.6688014234219661,0.0,0.0,182.08,0.9,1.0
-7.900000000000006,1.5,189144858.47422746,421535540.86946857,15755318.860920418,226631.9722475313,126776841900.59125,1002.185120714239,0.0009978196436276347,0.058117533694452744,0.04209748961468909,0.058072457111803,0.098072457111803,0.0011981926131944623,0.6688018073868055,0.0,0.0,182.1,0.9,1.0
-7.8799999999999955,1.5,189326969.0890593,421942382.9438021,15770474.028632635,226777.50474478866,126898976777.5892,1002.185120714239,0.0009978196436276347,0.05811717415488785,0.042097243645578195,0.05807211203457346,0.09807211203457346,0.0011978087740796852,0.6688021912259202,0.0,0.0,182.12,0.9,1.0
-7.860000000000014,1.5,189509253.67934015,422349614.3194758,15785643.665293021,226923.12958007885,127021228380.30257,1002.185120714239,0.0009978196436276347,0.05811681473406357,0.04209699775777705,0.058071767071336565,0.09807176707133657,0.0011974250606466166,0.6688025749393534,0.0,0.0,182.14,0.9,1.0
-7.840000000000003,1.5,189691712.41040057,422757235.3668509,15800827.784645742,227068.8468116315,127143596819.68776,1002.185120714239,0.0009978196436276347,0.05811645543193751,0.0420967519512566,0.05807142222205152,0.09807142222205152,0.0011970414728523563,0.6688029585271476,0.0,0.0,182.16,0.9,1.0
-7.819999999999993,1.5,189874345.44772846,423165246.4566401,15816026.4004481,227214.65649771361,127266082206.8055,1002.185120714239,0.0009978196436276347,0.05811609624846776,0.04209650622598812,0.05807107748667808,0.09807107748667808,0.0011966580106540234,0.668803341989346,0.0,0.0,182.18,0.9,1.0
-7.800000000000011,1.5,190057152.95696783,423573647.9599018,15831239.526470214,227360.55869662797,127388684652.82225,1002.185120714239,0.0009978196436276347,0.058115737183614034,0.04209626058194397,0.058070732865177575,0.09807073286517758,0.0011962746740087498,0.6688037253259912,0.0,0.0,182.2,0.9,1.0
-7.780000000000001,1.5,190240135.10392326,423982440.2480553,15846467.17649564,227506.55346671716,127511404269.00899,1002.185120714239,0.0009978196436276347,0.05811537823733553,0.04209601501909613,0.05807038835751085,0.09807038835751085,0.0011958914628736796,0.6688041085371262,0.0,0.0,182.22,0.9,1.0
-7.759999999999991,1.5,190423292.05455437,424391623.6928694,15861709.364320712,227652.6408663595,127634241166.74487,1002.185120714239,0.0009978196436276347,0.05811501940959087,0.04209576953741623,0.05807004396363812,0.09807004396363812,0.0011955083772059746,0.668804491622794,0.0,0.0,182.24,0.9,1.0
-7.740000000000009,1.5,190606623.97497404,424801198.66645664,15876966.103754679,227798.82095396647,127757195457.5097,1002.185120714239,0.0009978196436276347,0.05811466070033869,0.0420955241368759,0.058069699683519736,0.09806969968351974,0.001195125416962821,0.6688048745830372,0.0,0.0,182.26,0.9,1.0
-7.719999999999999,1.5,190790131.03146008,425211165.54129744,15892237.408620263,227945.09378799165,127880267252.89487,1002.185120714239,0.0009978196436276347,0.05811430210953821,0.04209527881744718,0.05806935551711644,0.09806935551711644,0.0011947425821014033,0.6688052574178985,0.0,0.0,182.28,0.9,1.0
-7.699999999999989,1.5,190973813.39044183,425621524.69021374,15907523.292753056,228091.45942692147,128003456664.59258,1002.185120714239,0.0009978196436276347,0.05811394363714812,0.04209503357910171,0.05806901146438858,0.09806901146438858,0.0011943598725789358,0.6688056401274209,0.0,0.0,182.3,0.9,1.0
-7.680000000000007,1.5,191157671.21850908,426032276.4863871,15922823.77000177,228237.91792928166,128126763804.40317,1002.185120714239,0.0009978196436276347,0.058113585283127094,0.042094788421811156,0.0580686675252964,0.0980686675252964,0.0011939772883526423,0.6688060227116472,0.0,0.0,182.32,0.9,1.0
-7.659999999999997,1.5,191341704.68240952,426443421.30335003,15938138.854228236,228384.46935363326,128250188784.23349,1002.185120714239,0.0009978196436276347,0.05811322704743486,0.042094543345547894,0.05806832369980124,0.09806832369980124,0.0011935948293797616,0.6688064051706202,0.0,0.0,182.34,0.9,1.0
-7.639999999999986,1.5,191525913.949049,426854959.51499265,15953468.559307588,228531.11375857636,128373731716.09598,1002.185120714239,0.0009978196436276347,0.05811286893003007,0.04209429835028355,0.05806797998786339,0.09806797998786339,0.0011932124956175482,0.6688067875043824,0.0,0.0,182.36,0.9,1.0
-7.6200000000000045,1.5,191710299.18548942,427266891.49555665,15968812.89912783,228677.85120274549,128497392712.1075,1002.185120714239,0.0009978196436276347,0.05811251093087092,0.042094053435989466,0.058067636389442616,0.09806763638944262,0.0011928302870232756,0.6688071697129766,0.0,0.0,182.38,0.9,1.0
-7.599999999999994,1.5,191894860.5589559,427679217.6196418,15984171.887590406,228824.68174481546,128621171884.49486,1002.185120714239,0.0009978196436276347,0.05811215304991828,0.04209380860263877,0.05806729290450129,0.0980672929045013,0.001192448203554225,0.6688075517964457,0.0,0.0,182.4,0.9,1.0
-7.5800000000000125,1.5,192079598.2368259,428091938.2622017,15999545.538609823,228971.60544349367,128745069345.58849,1002.185120714239,0.0009978196436276347,0.058111795287128676,0.04209356385020169,0.05806694953299762,0.09806694953299762,0.0011920662451677,0.6688079337548323,0.0,0.0,182.42,0.9,1.0
-7.560000000000002,1.5,192264512.38664243,428505053.7985443,16014933.866113603,229118.6223575302,128869085207.82675,1002.185120714239,0.0009978196436276347,0.0581114376424645,0.042093319178652354,0.058066606274895564,0.09806660627489557,0.001191684411821015,0.668808315588179,0.0,0.0,182.44,0.9,1.0
-7.539999999999992,1.5,192449603.176099,428918564.60433346,16030336.884042634,229265.7325457053,128993219583.75227,1002.185120714239,0.0009978196436276347,0.058111080115881855,0.04209307458796071,0.05806626313015278,0.09806626313015278,0.0011913027034715065,0.6688086972965285,0.0,0.0,182.46,0.9,1.0
-7.52000000000001,1.5,192634870.77305636,429332471.0555955,16045754.606351187,229412.93606684325,129117472586.01811,1002.185120714239,0.0009978196436276347,0.058110722707341064,0.04209283007809953,0.05806592009873112,0.09806592009873112,0.0011909211200765162,0.6688090788799234,0.0,0.0,182.48,0.9,1.0
-7.5,1.5,192820315.34553033,429746773.52870613,16061187.047006417,229560.23297980215,129241844327.38087,1002.185120714239,0.0009978196436276347,0.05811036541680186,0.04209258564904118,0.058065577180591986,0.09806557718059199,0.001190539661593408,0.6688094603384065,0.0,0.0,182.5,0.9,1.0
-7.47999999999999,1.5,193005937.0616932,430161472.4003993,16076634.219988769,229707.62334347362,129366334920.70547,1002.185120714239,0.0009978196436276347,0.05811000824422151,0.042092341300756356,0.05806523437569399,0.09806523437569399,0.0011901583279795632,0.6688098416720203,0.0,0.0,182.52,0.9,1.0
-7.460000000000008,1.5,193191736.08988416,430576568.0477698,16092096.139292223,229855.10721679498,129490944478.96336,1002.185120714239,0.0009978196436276347,0.05810965118956183,0.04209209703321884,0.05806489168400066,0.09806489168400066,0.0011897771191923705,0.6688102228808075,0.0,0.0,182.54,0.9,1.0
-7.439999999999998,1.5,193377712.59859592,430992060.8482698,16107572.81892379,230002.68465873375,129615673115.23587,1002.185120714239,0.0009978196436276347,0.05810929425277998,0.04209185284639928,0.058064549105470674,0.09806454910547067,0.0011893960351892368,0.6688106039648107,0.0,0.0,182.56,0.9,1.0
-7.4199999999999875,1.5,193563866.75648287,431407951.1797068,16123064.272903811,230150.3557282972,129740520942.70694,1002.185120714239,0.0009978196436276347,0.05810893743383578,0.042091608740270105,0.05806420664006539,0.09806420664006539,0.0011890150759275894,0.6688109849240723,0.0,0.0,182.58,0.9,1.0
-7.400000000000006,1.5,193750198.73235866,431824239.4202466,16138570.515265806,230298.12048452935,129865488074.67015,1002.185120714239,0.0009978196436276347,0.05810858073268852,0.04209136471480337,0.05806386428774562,0.09806386428774562,0.001188634241364866,0.668811365758635,0.0,0.0,182.6,0.9,1.0
-7.3799999999999955,1.5,193936708.69519764,432240925.9484183,16154091.560056753,230445.9789865115,129990574624.52646,1002.185120714239,0.0009978196436276347,0.05810822414929648,0.04209112076997048,0.05806352204847114,0.09806352204847114,0.0011882535314585215,0.6688117464685415,0.0,0.0,182.62,0.9,1.0
-7.360000000000014,1.5,194123396.81413633,432658011.14310426,16169627.421336781,230593.93129336392,130115780705.78482,1002.185120714239,0.0009978196436276347,0.05810786768362153,0.04209087690574524,0.05806317992220538,0.09806317992220538,0.0011878729461660227,0.668812127053834,0.0,0.0,182.64,0.9,1.0
-7.340000000000003,1.5,194310263.25846615,433075495.3835491,16185178.11317951,230741.9774642404,130241106432.06091,1002.185120714239,0.0009978196436276347,0.058107511335620365,0.04209063312209799,0.05806283790890656,0.09806283790890656,0.0011874924854448565,0.6688125075145551,0.0,0.0,182.66,0.9,1.0
-7.319999999999993,1.5,194497308.19764453,433493379.04936033,16200743.649671894,230890.1175583362,130366551917.0795,1002.185120714239,0.0009978196436276347,0.058107155105252856,0.04209038941900117,0.05806249600853602,0.09806249600853602,0.0011871121492525215,0.6688128878507474,0.0,0.0,182.68,0.9,1.0
-7.300000000000011,1.5,194684531.80128735,433911662.52049804,16216324.044913953,231038.35163488152,130492117274.6713,1002.185120714239,0.0009978196436276347,0.05810679899247982,0.04209014579642791,0.058062154221056116,0.09806215422105612,0.0011867319375465336,0.6688132680624534,0.0,0.0,182.7,0.9,1.0
-7.280000000000001,1.5,194871934.23917073,434330346.1772919,16231919.313019527,231186.67975314468,130617802618.77592,1002.185120714239,0.0009978196436276347,0.05810644299725854,0.04208990225434893,0.05806181254642561,0.09806181254642561,0.001186351850284422,0.6688136481497156,0.0,0.0,182.72,0.9,1.0
-7.259999999999991,1.5,195059515.6812323,434749430.4004234,16247529.46811537,231335.10197243103,130743608063.44008,1002.185120714239,0.0009978196436276347,0.05810608711954991,0.04208965879273736,0.05806147098460689,0.0980614709846069,0.001185971887423735,0.6688140281125762,0.0,0.0,182.74,0.9,1.0
-7.240000000000009,1.5,195247276.29757088,435168915.5709426,16263154.524341973,231483.6183520829,130869533722.82182,1002.185120714239,0.0009978196436276347,0.05810573135931216,0.04208941541156458,0.058061129535559745,0.09806112953555975,0.0011855920489220303,0.6688144079510779,0.0,0.0,182.76,0.9,1.0
-7.219999999999999,1.5,195435216.25844783,435588802.07025653,16278794.49585299,231632.228951483,130995579711.18329,1002.185120714239,0.0009978196436276347,0.05810537571650629,0.04208917211080381,0.05806078819924656,0.09806078819924656,0.0011852123347368849,0.668814787665263,0.0,0.0,182.78,0.9,1.0
-7.199999999999989,1.5,195623335.7342832,436009090.28013736,16294449.39681572,231780.93383004735,131121746142.89824,1002.185120714239,0.0009978196436276347,0.05810502019108999,0.04208892889042604,0.05806044697562659,0.09806044697562659,0.001184832744825891,0.6688151672551741,0.0,0.0,182.8,0.9,1.0
-7.180000000000007,1.5,195811634.89565995,436429780.5827145,16310119.2414106,231929.73304723194,131248033132.446,1002.185120714239,0.0009978196436276347,0.05810466478302374,0.04208868575040417,0.0580601058646617,0.0980601058646617,0.0011844532791466548,0.6688155467208533,0.0,0.0,182.82,0.9,1.0
-7.159999999999997,1.5,196000113.91332343,436850873.36048794,16325804.043831853,232078.62666252986,131374440794.4164,1002.185120714239,0.0009978196436276347,0.05810430949226576,0.04208844269070954,0.05805976486631164,0.09805976486631164,0.0011840739376567963,0.6688159260623432,0.0,0.0,182.84,0.9,1.0
-7.139999999999986,1.5,196188772.9581809,437272368.99630946,16341503.818286747,232227.6147354722,131500969243.50783,1002.185120714239,0.0009978196436276347,0.05810395431877807,0.04208819971131606,0.05805942398053995,0.09805942398053995,0.0011836947203139557,0.6688163052796859,0.0,0.0,182.86,0.9,1.0
-7.1200000000000045,1.5,196377612.20129526,437694267.87339425,16357218.57899595,232376.6973256226,131627618594.52376,1002.185120714239,0.0009978196436276347,0.05810359926251787,0.0420879568121944,0.05805908320730529,0.09805908320730529,0.0011833156270757924,0.6688166843729241,0.0,0.0,182.88,0.9,1.0
-7.099999999999994,1.5,196566631.81388608,438116570.3753006,16372948.340193149,232525.8744925774,131754388962.3727,1002.185120714239,0.0009978196436276347,0.05810324432344471,0.04208771399331682,0.058058742546569,0.098058742546569,0.0011829366578999954,0.6688170633420999,0.0,0.0,182.9,0.9,1.0
-7.0800000000000125,1.5,196755831.9673365,438539276.88595235,16388693.116125388,232675.1462959729,131881280462.07025,1002.185120714239,0.0009978196436276347,0.058102889501518803,0.04208747125465602,0.058058401998293006,0.09805840199829301,0.0011825578127442709,0.6688174421872556,0.0,0.0,182.92,0.9,1.0
-7.060000000000002,1.5,196945212.83318868,438962387.78963584,16404452.921053281,232824.51279547854,132008293208.74431,1002.185120714239,0.0009978196436276347,0.058102534796698094,0.04208722859618317,0.058058061562437056,0.09805806156243706,0.0011821790915663398,0.6688178209084336,0.0,0.0,182.94,0.9,1.0
-7.039999999999992,1.5,197134774.5831522,439385903.47100514,16420227.769250887,232973.9740508072,132135427317.62863,1002.185120714239,0.0009978196436276347,0.05810218020894334,0.04208698601787132,0.05805772123896354,0.09805772123896354,0.001181800494323936,0.668818199505676,0.0,0.0,182.96,0.9,1.0
-7.02000000000001,1.5,197324517.3890938,439809824.3150728,16436017.67500579,233123.53012170282,132262682904.06714,1002.185120714239,0.0009978196436276347,0.058101825738213035,0.04208674351969204,0.05805738102783283,0.09805738102783283,0.0011814220209748131,0.668818577979025,0.0,0.0,182.98,0.9,1.0
-7.0,1.5,197514441.42304796,440234150.7072245,16451822.652619231,233273.18106795312,132390060083.51498,1002.185120714239,0.0009978196436276347,0.05810147138446688,0.04208650110161767,0.0580570409290062,0.0980570409290062,0.0011810436714767352,0.6688189563285232,0.0,0.0,183.0,0.9,1.0
-6.97999999999999,1.5,197704546.85720953,440658883.03320676,16467642.716405943,233422.9269493791,132517558971.53487,1002.185120714239,0.0009978196436276347,0.05810111714766397,0.04208625876362016,0.058056700942444577,0.09805670094244458,0.0011806654457874805,0.6688193345542125,0.0,0.0,183.02,0.9,1.0
-6.960000000000008,1.5,197894833.86393577,441084021.67913187,16483477.880694099,233572.76782584106,132645179683.79857,1002.185120714239,0.0009978196436276347,0.05810076302776287,0.04208601650567111,0.05805636106810818,0.09805636106810818,0.0011802873438648517,0.668819712656135,0.0,0.0,183.04,0.9,1.0
-6.939999999999998,1.5,198085302.61575216,441509567.03148013,16499328.15982557,233722.70375723962,132772922336.08943,1002.185120714239,0.0009978196436276347,0.05810040902472538,0.042085774327744276,0.05805602130596051,0.09805602130596051,0.0011799093656666543,0.6688200906343333,0.0,0.0,183.06,0.9,1.0
-6.9199999999999875,1.5,198275953.28534147,441935519.4770982,16515193.568155874,233872.73480350777,132900787044.30005,1002.185120714239,0.0009978196436276347,0.05810005513850847,0.04208553222981018,0.05805568165596028,0.09805568165596028,0.0011795315111507154,0.6688204684888492,0.0,0.0,183.08,0.9,1.0
-6.900000000000006,1.5,198466786.04555362,442361879.4031969,16531074.120053949,234022.86102462042,133028773924.43054,1002.185120714239,0.0009978196436276347,0.05809970136907293,0.04208529021184191,0.05805534211806992,0.09805534211806992,0.0011791537802748808,0.668820846219725,0.0,0.0,183.1,0.9,1.0
-6.8799999999999955,1.5,198657801.0694023,442788647.19735694,16546969.829902355,234173.08248058992,133156883092.59477,1002.185120714239,0.0009978196436276347,0.058099347716378334,0.04208504827381174,0.05805500269225077,0.09805500269225077,0.0011787761729970027,0.6688212238270029,0.0,0.0,183.12,0.9,1.0
-6.860000000000014,1.5,198848998.53006452,443215823.24752873,16562880.712097628,234323.39923146565,133285114665.01285,1002.185120714239,0.0009978196436276347,0.05809899418038336,0.04208480641569134,0.05805466337846315,0.09805466337846315,0.0011783986892749557,0.668821601310725,0.0,0.0,183.14,0.9,1.0
-6.840000000000003,1.5,199040378.60088143,443643407.9420288,16578806.781049587,234473.81133733402,133413468758.01984,1002.185120714239,0.0009978196436276347,0.05809864076104719,0.04208456463745272,0.05805432417666794,0.09805432417666794,0.0011780213290666212,0.6688219786709334,0.0,0.0,183.16,0.9,1.0
-6.819999999999993,1.5,199231941.45535842,444071401.66953754,16594748.051181713,234624.31885832103,133541945488.05489,1002.185120714239,0.0009978196436276347,0.05809828745833047,0.04208432293906887,0.05805398508682746,0.09805398508682746,0.0011776440923299092,0.66882235590767,0.0,0.0,183.18,0.9,1.0
-6.800000000000011,1.5,199423687.26716608,444499804.81911004,16610704.536931323,234774.92185459056,133670544971.67326,1002.185120714239,0.0009978196436276347,0.05809793427219246,0.04208408132051185,0.058053646108902644,0.09805364610890265,0.001177266979022731,0.6688227330209773,0.0,0.0,183.2,0.9,1.0
-6.780000000000001,1.5,199615616.21013954,444928617.78016895,16626676.252749296,234925.62038634368,133799267325.53781,1002.185120714239,0.0009978196436276347,0.05809758120259282,0.04208383978175399,0.05805330724285478,0.09805330724285478,0.001176889989103019,0.668823110010897,0.0,0.0,183.22,0.9,1.0
-6.759999999999991,1.5,199807728.45827734,445357840.9425049,16642663.213100264,235076.41451381854,133928112666.42343,1002.185120714239,0.0009978196436276347,0.058097228249490665,0.04208359832276725,0.05805296848864474,0.09805296848864474,0.0011765131225287206,0.6688234868774712,0.0,0.0,183.24,0.9,1.0
-6.740000000000009,1.5,200000024.18574288,445787474.6962779,16658665.432462562,235227.30429729217,134057081111.21191,1002.185120714239,0.0009978196436276347,0.058096875412845264,0.0420833569435237,0.05805262984623335,0.09805262984623335,0.0011761363792578007,0.6688238636207421,0.0,0.0,183.26,0.9,1.0
-6.719999999999999,1.5,200192503.5668689,446217519.4320216,16674682.925328126,235378.28979708246,134186172776.90251,1002.185120714239,0.0009978196436276347,0.058096522692617884,0.042083115643996756,0.05805229131558356,0.09805229131558356,0.0011757597592482322,0.6688242402407517,0.0,0.0,183.28,0.9,1.0
-6.699999999999989,1.5,200385166.77614623,446647975.540635,16690715.706202798,235529.37107353963,134315387780.59871,1002.185120714239,0.0009978196436276347,0.05809617008876613,0.04208287442415737,0.05805195289665465,0.09805195289665465,0.0011753832624580107,0.6688246167375419,0.0,0.0,183.3,0.9,1.0
-6.680000000000007,1.5,200578013.98823828,447078843.4133929,16706763.789606107,235680.5481870577,134444726239.51978,1002.185120714239,0.0009978196436276347,0.05809581760125131,0.04208263328397897,0.05805161458940957,0.09805161458940957,0.0011750068888451426,0.6688249931111547,0.0,0.0,183.32,0.9,1.0
-6.659999999999997,1.5,200771045.37796816,447510123.4419378,16722827.19007122,235831.8211980634,134574188270.99324,1002.185120714239,0.0009978196436276347,0.05809546523003164,0.04208239222343292,0.05805127639380805,0.09805127639380805,0.00117463063836765,0.6688253693616323,0.0,0.0,183.34,0.9,1.0
-6.639999999999986,1.5,200964261.12032983,447941816.018284,16738905.922145251,235983.19016702747,134703773992.45975,1002.185120714239,0.0009978196436276347,0.058095112975068815,0.04208215124249292,0.058050938309813636,0.09805093830981364,0.001174254510983569,0.6688257454890163,0.0,0.0,183.36,0.9,1.0
-6.6200000000000045,1.5,201157661.39047727,448373921.534819,16755000.000388978,236134.65515445205,134833483521.46985,1002.185120714239,0.0009978196436276347,0.05809476083632006,0.042081910341129666,0.05805060033738498,0.09805060033738498,0.0011738785066509553,0.668826121493349,0.0,0.0,183.38,0.9,1.0
-6.599999999999994,1.5,201351246.36373693,448806440.3843025,16771109.439377036,236286.21622088455,134963316975.68697,1002.185120714239,0.0009978196436276347,0.0580944088137472,0.04208166951931695,0.05805026247648564,0.09805026247648564,0.0011735026253278727,0.6688264973746719,0.0,0.0,183.4,0.9,1.0
-6.5800000000000125,1.5,201545016.21559715,449239372.9598669,16787234.253697865,236437.87342690607,135093274472.88414,1002.185120714239,0.0009978196436276347,0.05809405690730895,0.04208142877702646,0.058049924727075895,0.0980499247270759,0.0011731268669724056,0.6688268731330276,0.0,0.0,183.42,0.9,1.0
-6.560000000000002,1.5,201738971.12171263,449672719.6550142,16803374.457953617,236589.6268331358,135223356130.947,1002.185120714239,0.0009978196436276347,0.058093705116965,0.042081188114230554,0.05804958708911708,0.09804958708911708,0.0011727512315426512,0.6688272487684573,0.0,0.0,183.44,0.9,1.0
-6.539999999999992,1.5,201933111.25790802,450106480.86362445,16819530.066760447,236741.47650023457,135353562067.8754,1002.185120714239,0.0009978196436276347,0.05809335344267628,0.04208094753090241,0.0580492495625717,0.0980492495625717,0.0011723757189967213,0.6688276242810032,0.0,0.0,183.46,0.9,1.0
-6.52000000000001,1.5,202127436.800169,450540656.9799466,16835701.094748247,236893.4224888969,135483892401.77563,1002.185120714239,0.0009978196436276347,0.05809300188440094,0.04208070702701337,0.05804891214739951,0.09804891214739951,0.0011720003292927457,0.668827999670707,0.0,0.0,183.48,0.9,1.0
-6.5,1.5,202321947.9246544,450975248.3986082,16851887.55656083,237045.46485985979,135614347250.87138,1002.185120714239,0.0009978196436276347,0.05809265044210028,0.04208046660253684,0.058048574843563426,0.09804857484356343,0.0011716250623888635,0.668828374937611,0.0,0.0,183.5,0.9,1.0
-6.47999999999999,1.5,202516644.80768654,451410255.5146097,16868089.466855876,237197.60367389678,135744926733.49593,1002.185120714239,0.0009978196436276347,0.058092299115733645,0.042080226257444946,0.05804823765102434,0.09804823765102434,0.0011712499182432326,0.6688287500817567,0.0,0.0,183.52,0.9,1.0
-6.460000000000008,1.5,202711527.62575325,451845678.72332287,16884306.84030484,237349.8389918182,135875630968.09373,1002.185120714239,0.0009978196436276347,0.05809194790526023,0.04207998599170972,0.058047900569743065,0.09804790056974307,0.0011708748968140292,0.6688291251031858,0.0,0.0,183.54,0.9,1.0
-6.439999999999998,1.5,202906596.5555134,452281518.4204979,16900539.69159326,237502.1708744756,136006460073.22305,1002.185120714239,0.0009978196436276347,0.0580915968106409,0.04207974580530431,0.05804756359968207,0.09804756359968207,0.0011704999980594376,0.6688295000019404,0.0,0.0,183.56,0.9,1.0
-6.4199999999999875,1.5,203101851.77379176,452717775.0022617,16916788.03542058,237654.59938275767,136137414167.55595,1002.185120714239,0.0009978196436276347,0.05809124583183494,0.042079505698200785,0.05804722674080214,0.09804722674080214,0.0011701252219376587,0.6688298747780623,0.0,0.0,183.58,0.9,1.0
-6.400000000000006,1.5,203297293.4575807,453154448.86511236,16933051.886499878,237807.12457759198,136268493369.87314,1002.185120714239,0.0009978196436276347,0.05809089496880316,0.042079265670372255,0.05804688999306575,0.09804688999306575,0.0011697505684069125,0.668830249431593,0.0,0.0,183.6,0.9,1.0
-6.3799999999999955,1.5,203492921.78403887,453591540.4059255,16949331.25955853,237959.7465199428,136399697799.07077,1002.185120714239,0.0009978196436276347,0.05809054422150501,0.04207902572179091,0.058046553356433765,0.09804655335643377,0.001169376037425432,0.6688306239625745,0.0,0.0,183.62,0.9,1.0
-6.360000000000014,1.5,203688736.93049434,454029050.02195656,16965626.169337686,238112.46527081414,136531027574.15681,1002.185120714239,0.0009978196436276347,0.058090193589899565,0.042078785852428705,0.05804621683086699,0.09804621683086699,0.001169001628951464,0.6688309983710485,0.0,0.0,183.64,0.9,1.0
-6.340000000000003,1.5,203884739.07444462,454466978.1108361,16981936.63059252,238265.28089124977,136662482814.25446,1002.185120714239,0.0009978196436276347,0.058089843073947794,0.04207854606225884,0.05804588041632785,0.09804588041632785,0.001168627342943267,0.6688313726570567,0.0,0.0,183.66,0.9,1.0
-6.319999999999993,1.5,204080928.39355338,454905325.0705686,16998262.658092134,238418.19344232982,136794063638.59445,1002.185120714239,0.0009978196436276347,0.05808949267361007,0.04207830635125413,0.058045544112778284,0.09804554411277829,0.0011682531793591221,0.6688317468206408,0.0,0.0,183.68,0.9,1.0
-6.300000000000011,1.5,204277305.06565255,455344091.299541,17014604.266619734,238571.2029851747,136925770166.52545,1002.185120714239,0.0009978196436276347,0.05808914238884511,0.04207806671938629,0.05804520792017861,0.09804520792017861,0.0011678791381573219,0.6688321208618425,0.0,0.0,183.7,0.9,1.0
-6.280000000000001,1.5,204473869.26874486,455783277.1965148,17030961.470972363,238724.30958094206,137057602517.50827,1002.185120714239,0.0009978196436276347,0.05808879221961447,0.04207782716662891,0.05804487183849177,0.09804487183849177,0.0011675052192961684,0.6688324947807037,0.0,0.0,183.72,0.9,1.0
-6.259999999999991,1.5,204670621.1809981,456222883.16062975,17047334.285961192,238877.5132908282,137189560811.11406,1002.185120714239,0.0009978196436276347,0.058088442165876816,0.04207758769295367,0.0580445358676781,0.0980445358676781,0.0011671314227339905,0.6688328685772659,0.0,0.0,183.74,0.9,1.0
-6.240000000000009,1.5,204867560.98075327,456662909.59140754,17063722.7264115,239030.81417606882,137321645167.03218,1002.185120714239,0.0009978196436276347,0.05808809222759308,0.04207734829833376,0.058044200007700046,0.09804420000770005,0.001166757748429119,0.6688332422515707,0.0,0.0,183.76,0.9,1.0
-6.219999999999999,1.5,205064688.84651753,457103356.88874394,17080126.807162415,239184.2122979391,137453855705.06204,1002.185120714239,0.0009978196436276347,0.058087742404723704,0.04207710898274204,0.05804386425851948,0.09804386425851948,0.0011663841963399089,0.66883361580366,0.0,0.0,183.78,0.9,1.0
-6.199999999999989,1.5,205262004.95696795,457544225.4529171,17096546.543067202,239337.70771775034,137586192545.11615,1002.185120714239,0.0009978196436276347,0.058087392697228506,0.042076869746150956,0.05804352862009781,0.09804352862009781,0.001166010766424727,0.6688339892335753,0.0,0.0,183.8,0.9,1.0
-6.180000000000007,1.5,205459509.4909501,457985515.68458515,17112981.948993307,239491.3004968534,137718655807.2226,1002.185120714239,0.0009978196436276347,0.058087043105066766,0.04207663058853258,0.05804319309239588,0.09804319309239588,0.0011656374586419545,0.668834362541358,0.0,0.0,183.82,0.9,1.0
-6.159999999999997,1.5,205657202.62748072,458427227.9847844,17129433.039822206,239644.9906966395,137851245611.5233,1002.185120714239,0.0009978196436276347,0.05808669362819948,0.04207639150986015,0.05804285767537611,0.09804285767537611,0.0011652642729499869,0.6688347357270499,0.0,0.0,183.84,0.9,1.0
-6.139999999999986,1.5,205855084.5457453,458869362.7549333,17145899.83044936,239798.77837853733,137983962078.27258,1002.185120714239,0.0009978196436276347,0.05808634426658658,0.042076152510106185,0.05804252236899992,0.09804252236899992,0.0011648912093072392,0.6688351087906927,0.0,0.0,183.86,0.9,1.0
-6.1200000000000045,1.5,206053155.42510003,459311920.39683104,17162382.335784517,239952.66360401394,138116805327.84024,1002.185120714239,0.0009978196436276347,0.05808599502018838,0.042075913589243466,0.0580421871732292,0.0980421871732292,0.001164518267672132,0.6688354817323278,0.0,0.0,183.88,0.9,1.0
-6.099999999999994,1.5,206251415.445071,459754901.31265795,17178880.570751496,240106.64643457768,138249775480.71066,1002.185120714239,0.0009978196436276347,0.05808564588896536,0.04207567474724488,0.05804185208802586,0.09804185208802586,0.001164145448003109,0.6688358545519969,0.0,0.0,183.9,0.9,1.0
-6.0800000000000125,1.5,206449864.78535157,460198305.90497094,17195394.550288133,240260.7269317706,138382872657.479,1002.185120714239,0.0009978196436276347,0.05808529687287738,0.0420754359840829,0.05804151711335128,0.09804151711335128,0.0011637727502586284,0.6688362272497413,0.0,0.0,183.92,0.9,1.0
-6.060000000000002,1.5,206648503.6258098,460642134.57671696,17211924.289346535,240414.9051571791,138516096978.85873,1002.185120714239,0.0009978196436276347,0.05808494797188488,0.04207519729973039,0.05804118224916737,0.09804118224916737,0.0011634001743971586,0.6688365998256027,0.0,0.0,183.94,0.9,1.0
-6.039999999999992,1.5,206847332.1464827,461086387.7312218,17228469.802893106,240569.18117242595,138649448565.67618,1002.185120714239,0.0009978196436276347,0.05808459918594831,0.0420749586941602,0.058040847495436025,0.09804084749543603,0.001163027720377185,0.6688369722796227,0.0,0.0,183.96,0.9,1.0
-6.02000000000001,1.5,207046350.52757362,461531065.7721875,17245031.105907936,240723.555039171,138782927538.87033,1002.185120714239,0.0009978196436276347,0.05808425051502703,0.04207472016734449,0.058040512852118135,0.09804051285211814,0.0011626553881572141,0.6688373446118426,0.0,0.0,183.98,0.9,1.0
-6.0,1.5,207245558.94946548,461976169.1037118,17261608.21338604,240878.02681911734,138916534019.4992,1002.185120714239,0.0009978196436276347,0.058083901959082564,0.04207448171925684,0.058040178319176676,0.09804017831917668,0.0011622831776957534,0.6688377168223042,0.0,0.0,184.0,0.9,1.0
-5.97999999999999,1.5,207444957.59270477,462421698.13026464,17278201.14033604,241032.59657400352,139050268128.73215,1002.185120714239,0.0009978196436276347,0.0580835535180749,0.0420742433498698,0.05803984389657298,0.09803984389657298,0.0011619110889513372,0.6688380889110486,0.0,0.0,184.02,0.9,1.0
-5.960000000000008,1.5,207644546.63801134,462867653.25670266,17294809.90178101,241187.26436560796,139184129987.85287,1002.185120714239,0.0009978196436276347,0.058083205191964304,0.042074005059156136,0.058039509584269004,0.098039509584269,0.001161539121882512,0.6688384608781174,0.0,0.0,184.04,0.9,1.0
-5.939999999999998,1.5,207844326.2662778,463314034.88827324,17311434.51275839,241342.0302557488,139318119718.26453,1002.185120714239,0.0009978196436276347,0.05808285698071038,0.04207376684708815,0.058039175382225604,0.0980391753822256,0.0011611672764478332,0.668838832723552,0.0,0.0,184.06,0.9,1.0
-5.9199999999999875,1.5,208044296.6585675,463760843.43059814,17328074.988319553,241496.89430628336,139452237441.48038,1002.185120714239,0.0009978196436276347,0.058082508884275116,0.042073528713639716,0.05803884129040628,0.09803884129040628,0.0011607955526058778,0.668839204447394,0.0,0.0,184.08,0.9,1.0
-5.900000000000006,1.5,208244457.99611235,464208079.2896856,17344731.343530204,241651.85657910482,139586483279.12988,1002.185120714239,0.0009978196436276347,0.0580821609026179,0.042073290658783014,0.05803850730877188,0.09803850730877188,0.0011604239503152404,0.6688395760496847,0.0,0.0,184.1,0.9,1.0
-5.8799999999999955,1.5,208444810.46032208,464655742.87193894,17361403.593470745,241806.91713615105,139720857352.96127,1002.185120714239,0.0009978196436276347,0.05808181303569928,0.04207305268249098,0.05803817343728431,0.09803817343728431,0.0011600524695345173,0.6688399475304654,0.0,0.0,184.12,0.9,1.0
-5.860000000000014,1.5,208645354.2327701,465103834.5841304,17378091.75323519,241962.07603939174,139855359784.83325,1002.185120714239,0.0009978196436276347,0.05808146528347911,0.04207281478473608,0.058037839675905,0.098037839675905,0.0011596811102223374,0.6688403188897777,0.0,0.0,184.14,0.9,1.0
-5.840000000000003,1.5,208846089.49520788,465552354.8334246,17394795.837932106,242117.33335084075,139989990696.7215,1002.185120714239,0.0009978196436276347,0.058081117645919444,0.04207257696549226,0.05803750602459742,0.09803750602459742,0.0011593098723373346,0.6688406901276627,0.0,0.0,184.16,0.9,1.0
-5.819999999999993,1.5,209047016.4295436,466001304.0273477,17411515.86268357,242272.68913253956,140124750210.70987,1002.185120714239,0.0009978196436276347,0.0580807701229789,0.04207233922473117,0.058037172483321874,0.09803717248332187,0.0011589387558381828,0.6688410612441619,0.0,0.0,184.18,0.9,1.0
-5.800000000000011,1.5,209248135.21785924,466450682.57380885,17428251.842625912,242428.1434465682,140259638448.99744,1002.185120714239,0.0009978196436276347,0.05808042271461822,0.04207210156242588,0.05803683905204087,0.09803683905204087,0.0011585677606835696,0.6688414322393164,0.0,0.0,184.2,0.9,1.0
-5.780000000000001,1.5,209449446.04241377,466900490.8811141,17445003.792910125,242583.69635505072,140394655533.90155,1002.185120714239,0.0009978196436276347,0.058080075420798155,0.042071863978549444,0.05803650573071683,0.09803650573071683,0.0011581968868321925,0.6688418031131678,0.0,0.0,184.22,0.9,1.0
-5.759999999999991,1.5,209650949.08563524,467350729.3579501,17461771.728701293,242739.3479201477,140529801587.85452,1002.185120714239,0.0009978196436276347,0.05807972824147892,0.0420716264730746,0.05803617251931167,0.09803617251931167,0.0011578261342427643,0.6688421738657572,0.0,0.0,184.24,0.9,1.0
-5.740000000000009,1.5,209852644.53012076,467801398.41338766,17478555.665178884,242895.0982040546,140665076733.40222,1002.185120714239,0.0009978196436276347,0.058079381176619156,0.042071389045973004,0.05803583941778572,0.09803583941778572,0.0011574555028740219,0.6688425444971259,0.0,0.0,184.26,0.9,1.0
-5.719999999999999,1.5,210054532.55865094,468252498.4568956,17495355.61753685,243050.94726901565,140800481093.21063,1002.185120714239,0.0009978196436276347,0.05807903422618176,0.04207115169721917,0.05803550642610355,0.09803550642610355,0.0011570849926847038,0.6688429150073152,0.0,0.0,184.28,0.9,1.0
-5.699999999999989,1.5,210256613.35416913,468704029.8983211,17512171.600983366,243206.8951773048,140936014790.05954,1002.185120714239,0.0009978196436276347,0.058078687390125436,0.042070914426784796,0.058035173544225487,0.09803517354422549,0.0011567146036335723,0.6688432853963664,0.0,0.0,184.3,0.9,1.0
-5.680000000000007,1.5,210458887.09979808,469155993.1479066,17529003.63074119,243362.9419912422,141071677946.84503,1002.185120714239,0.0009978196436276347,0.05807834066841081,0.04207067723464287,0.05803484077211401,0.09803484077211401,0.0011563443356794004,0.6688436556643206,0.0,0.0,184.32,0.9,1.0
-5.659999999999997,1.5,210661353.97883245,469608388.6162804,17545851.72204751,243519.08777318298,141207470686.58127,1002.185120714239,0.0009978196436276347,0.05807799406099882,0.042070440120766606,0.05803450810973151,0.09803450810973151,0.0011559741887809773,0.6688440258112189,0.0,0.0,184.34,0.9,1.0
-5.639999999999986,1.5,210864014.17474,470061216.7144651,17562715.890153885,243675.33258552372,141343393132.39893,1002.185120714239,0.0009978196436276347,0.05807764756784809,0.04207020308512764,0.0580341755570384,0.0980341755570384,0.0011556041628971044,0.6688443958371029,0.0,0.0,184.36,0.9,1.0
-5.6200000000000045,1.5,211066867.87116367,470514477.85386306,17579596.150326125,243831.67649070045,141479445407.54242,1002.185120714239,0.0009978196436276347,0.058077301188921474,0.04206996612770048,0.058033843113999194,0.0980338431139992,0.001155234257986603,0.6688447657420133,0.0,0.0,184.38,0.9,1.0
-5.599999999999994,1.5,211269915.2519191,470968172.4462737,17596492.517844763,243988.1195511867,141615627635.376,1002.185120714239,0.0009978196436276347,0.058076954924178775,0.04206972924845755,0.0580335107805753,0.0980335107805753,0.0011548644740083064,0.6688451355259917,0.0,0.0,184.4,0.9,1.0
-5.5800000000000125,1.5,211473156.5009967,471422300.90389013,17613405.00800486,244144.6618294982,141751939939.38077,1002.185120714239,0.0009978196436276347,0.05807660877357918,0.04206949244737088,0.058033178556727565,0.09803317855672757,0.0011544948109210604,0.6688455051890788,0.0,0.0,184.42,0.9,1.0
-5.560000000000002,1.5,211676591.80256218,471876863.6392914,17630333.636115793,244301.30338818775,141888382443.1534,1002.185120714239,0.0009978196436276347,0.05807626273708412,0.042069255724414,0.05803284644241901,0.09803284644241901,0.001154125268683727,0.6688458747313162,0.0,0.0,184.44,0.9,1.0
-5.539999999999992,1.5,211880221.34095255,472331861.06544447,17647278.4175013,244458.04428984722,142024955270.40778,1002.185120714239,0.0009978196436276347,0.05807591681465372,0.04206901907955959,0.05803251443761153,0.09803251443761153,0.0011537558472551864,0.6688462441527447,0.0,0.0,184.46,0.9,1.0
-5.52000000000001,1.5,212084045.3006856,472787293.5957181,17664239.36750009,244614.88459711242,142161658544.97693,1002.185120714239,0.0009978196436276347,0.05807557100624943,0.042068782512781164,0.05803218254226813,0.09803218254226813,0.0011533865465943262,0.6688466134534056,0.0,0.0,184.48,0.9,1.0
-5.5,1.5,212288063.86644733,473243161.64386624,17681216.50146508,244771.8243726524,142298492390.8098,1002.185120714239,0.0009978196436276347,0.05807522531182998,0.04206854602405046,0.05803185075634914,0.09803185075634914,0.0011530173666600546,0.6688469826333399,0.0,0.0,184.5,0.9,1.0
-5.47999999999999,1.5,212492277.22310227,473699465.62403196,17698209.8347636,244928.8636791811,142435456931.97137,1002.185120714239,0.0009978196436276347,0.05807487973135769,0.042068309613341626,0.058031519079818565,0.09803151907981857,0.0011526483074112965,0.6688473516925887,0.0,0.0,184.52,0.9,1.0
-5.460000000000008,1.5,212696685.55569035,474156205.95076114,17715219.382778,245086.002579448,142572552292.64917,1002.185120714239,0.0009978196436276347,0.058074534264791866,0.04206807328062675,0.058031187512637354,0.09803118751263735,0.0011522793688069806,0.6688477206311929,0.0,0.0,184.54,0.9,1.0
-5.439999999999998,1.5,212901289.04942518,474613383.0389827,17732245.160904672,245243.24113624482,142709778597.14233,1002.185120714239,0.0009978196436276347,0.058074188912093976,0.042067837025879386,0.058030856054768425,0.09803085605476843,0.001151910550806064,0.6688480894491938,0.0,0.0,184.56,0.9,1.0
-5.4199999999999875,1.5,213106087.88969827,475070997.30402577,17749287.184554987,245400.579412402,142847135969.87146,1002.185120714239,0.0009978196436276347,0.058073843673224726,0.0420676008490726,0.05803052470617425,0.09803052470617425,0.0011515418533675082,0.6688484581466324,0.0,0.0,184.58,0.9,1.0
-5.400000000000006,1.5,213311082.26207143,475529049.1616085,17766345.469154727,245558.0174707879,142984624535.3735,1002.185120714239,0.0009978196436276347,0.05807349854814293,0.042067364750178166,0.05803019346681517,0.09803019346681517,0.0011511732764502966,0.6688488267235496,0.0,0.0,184.6,0.9,1.0
-5.3799999999999955,1.5,213516272.35229224,475987539.0278498,17783420.030144405,245715.55537431568,143122244418.30646,1002.185120714239,0.0009978196436276347,0.05807315353681204,0.042067128729170976,0.05802986233665632,0.09802986233665632,0.001150804820013418,0.6688491951799865,0.0,0.0,184.62,0.9,1.0
-5.360000000000014,1.5,213721658.34627506,476446467.3192583,17800510.882979106,245873.19318593302,143259995743.443,1002.185120714239,0.0009978196436276347,0.058072808639190884,0.04206689278602281,0.058029531315658016,0.09802953131565802,0.0011504364840158852,0.6688495635159841,0.0,0.0,184.64,0.9,1.0
-5.340000000000003,1.5,213927240.43011287,476905834.45273757,17817618.04312855,246030.93096862774,143397878635.6745,1002.185120714239,0.0009978196436276347,0.058072463855239724,0.04206665692070644,0.05802920040378217,0.09802920040378217,0.0011500682684167218,0.6688499317315831,0.0,0.0,184.66,0.9,1.0
-5.319999999999993,1.5,214133018.79007795,477365640.8455866,17834741.526076928,246188.76878543085,143535893220.01227,1002.185120714239,0.0009978196436276347,0.05807211918492104,0.042066421133196086,0.05802886960099284,0.09802886960099284,0.0011497001731749672,0.668850299826825,0.0,0.0,184.68,0.9,1.0
-5.300000000000011,1.5,214338993.612616,477825886.9155035,17851881.347323477,246346.70669941045,143674039621.5861,1002.185120714239,0.0009978196436276347,0.0580717746281942,0.04206618542346391,0.058028538907250925,0.09802853890725093,0.0011493321982496713,0.6688506678017502,0.0,0.0,184.7,0.9,1.0
-5.280000000000001,1.5,214545165.08435032,478286573.0805774,17869037.522381794,246504.74477367415,143812317965.6418,1002.185120714239,0.0009978196436276347,0.05807143018502054,0.042065949791483384,0.05802820832251939,0.09802820832251939,0.0011489643435999065,0.6688510356564,0.0,0.0,184.72,0.9,1.0
-5.259999999999991,1.5,214751533.39208162,478747699.7593008,17886210.066780504,246662.8830713709,143950728377.548,1002.185120714239,0.0009978196436276347,0.05807108585535994,0.042065714237227006,0.05802787784675963,0.09802787784675963,0.0011485966091847506,0.6688514033908152,0.0,0.0,184.74,0.9,1.0
-5.240000000000009,1.5,214958098.72278705,479209267.37055457,17903398.996062487,246821.1216556883,144089270982.78912,1002.185120714239,0.0009978196436276347,0.058070741639174306,0.042065478760668636,0.05802754747993518,0.09802754747993518,0.001148228994963303,0.6688517710050367,0.0,0.0,184.76,0.9,1.0
-5.219999999999999,1.5,215164861.26362002,479671276.3336219,17920604.3257856,246979.4605898538,144227945906.96692,1002.185120714239,0.0009978196436276347,0.058070397536423575,0.042065243361780795,0.05802721722200745,0.09802721722200745,0.0011478615008946775,0.6688521384991053,0.0,0.0,184.78,0.9,1.0
-5.199999999999989,1.5,215371821.2019145,480133727.0681853,17937826.0715227,247137.89993713688,144366753275.80835,1002.185120714239,0.0009978196436276347,0.05807005354706905,0.04206500804053695,0.058026887072939425,0.09802688707293943,0.0011474941269379957,0.668852505873062,0.0,0.0,184.8,0.9,1.0
-5.180000000000007,1.5,215578978.72518033,480596619.994322,17955064.248860825,247296.43976084565,144505693215.155,1002.185120714239,0.0009978196436276347,0.05806970967107228,0.042064772796910704,0.05802655703269407,0.09802655703269407,0.0011471268730523989,0.6688528731269475,0.0,0.0,184.82,0.9,1.0
-5.159999999999997,1.5,215786334.02110356,481059955.53251094,17972318.873402406,247455.08012432678,144644765850.96765,1002.185120714239,0.0009978196436276347,0.058069365908392595,0.0420645376308742,0.05802622710123231,0.09802622710123231,0.0011467597391970432,0.668853240260803,0.0,0.0,184.84,0.9,1.0
-5.139999999999986,1.5,215993887.2775481,481523734.10362303,17989589.96076409,247613.82109096696,144783971309.327,1002.185120714239,0.0009978196436276347,0.058069022258991417,0.04206430254240096,0.058025897278517084,0.09802589727851709,0.0011463927253311014,0.6688536072746689,0.0,0.0,184.86,0.9,1.0
-5.1200000000000045,1.5,216201638.68255743,481987956.1289334,18006877.526577573,247772.6627241946,144923309716.43427,1002.185120714239,0.0009978196436276347,0.05806867872282966,0.04206406753146418,0.0580255675645109,0.0980255675645109,0.0011460258314137564,0.6688539741685862,0.0,0.0,184.88,0.9,1.0
-5.099999999999994,1.5,216409588.42435473,482452622.0301203,18024181.586489484,247931.6050874781,145062781198.6098,1002.185120714239,0.0009978196436276347,0.05806833529986833,0.04206383259803711,0.05802523795917621,0.09802523795917621,0.0011456590574042051,0.6688543409425958,0.0,0.0,184.9,0.9,1.0
-5.0800000000000125,1.5,216617736.69133845,482917732.2292531,18041502.156161014,248090.648244325,145202385882.29367,1002.185120714239,0.0009978196436276347,0.05806799199006884,0.042063597742093284,0.05802490846247601,0.09802490846247601,0.0011452924032616634,0.6688547075967383,0.0,0.0,184.92,0.9,1.0
-5.060000000000002,1.5,216826083.67208716,483383287.1488102,18058839.251268458,248249.79225828385,145342123894.04526,1002.185120714239,0.0009978196436276347,0.05806764879339111,0.04206336296360522,0.05802457907437169,0.09802457907437169,0.001144925868945359,0.6688550741310545,0.0,0.0,184.94,0.9,1.0
-5.039999999999992,1.5,217034629.55535585,483849287.21166027,18076192.887502566,248409.03719293926,145481995360.54495,1002.185120714239,0.0009978196436276347,0.05806730570979658,0.04206312826254648,0.05802424979482625,0.09802424979482625,0.0011445594544145367,0.6688554405455853,0.0,0.0,184.96,0.9,1.0
-5.02000000000001,1.5,217243374.53008288,484315732.84108335,18093563.080569413,248568.383111923,145622000408.5916,1002.185120714239,0.0009978196436276347,0.058066962739246795,0.04206289363889066,0.058023920623802704,0.0980239206238027,0.001144193159628452,0.6688558068403715,0.0,0.0,184.98,0.9,1.0
-5.0,1.5,217452318.7853835,484782624.46075916,18110949.846189816,248727.8300789026,145762139165.10593,1002.185120714239,0.0009978196436276347,0.05806661988170216,0.042062659092610616,0.05802359156126296,0.09802359156126296,0.0011438269845463753,0.6688561730154535,0.0,0.0,185.0,0.9,1.0
-4.97999999999999,1.5,217661462.51055124,485249962.494766,18128353.200099293,248887.37815758574,145902411757.1303,1002.185120714239,0.0009978196436276347,0.058066277137123666,0.042062424623679595,0.05802326260716952,0.09802326260716952,0.0011434609291275928,0.6688565390708724,0.0,0.0,185.02,0.9,1.0
-4.960000000000008,1.5,217870805.8950584,485717747.36758053,18145773.158048335,249047.02741172072,146042818311.82147,1002.185120714239,0.0009978196436276347,0.05806593450547278,0.04206219023207117,0.05802293376148537,0.09802293376148537,0.0011430949933314103,0.6688569050066685,0.0,0.0,185.04,0.9,1.0
-4.939999999999998,1.5,218080349.12855822,486185979.504091,18163209.73580255,249206.77790509604,146183358956.46387,1002.185120714239,0.0009978196436276347,0.05806559198670946,0.042061955917757875,0.05802260502417194,0.09802260502417194,0.0011427291771171398,0.6688572708228827,0.0,0.0,185.06,0.9,1.0
-4.9199999999999875,1.5,218290092.40088376,486654659.32958144,18180662.949142218,249366.62970154092,146324033818.45688,1002.185120714239,0.0009978196436276347,0.0580652495807957,0.04206172168071366,0.05802227639519269,0.09802227639519269,0.0011423634804441142,0.6688576365195558,0.0,0.0,185.08,0.9,1.0
-4.900000000000006,1.5,218500035.9020495,487123787.2697462,18198132.813862827,249526.58286492614,146464843025.3258,1002.185120714239,0.0009978196436276347,0.058064907287692584,0.0420614875209118,0.05802194787451017,0.09802194787451017,0.0011419979032716739,0.6688580020967282,0.0,0.0,185.1,0.9,1.0
-4.8799999999999955,1.5,218710179.82224613,487593363.75067466,18215619.34577451,249686.63745915922,146605786704.7138,1002.185120714239,0.0009978196436276347,0.05806456510736106,0.04206125343832553,0.058021619462086775,0.09802161946208678,0.0011416324455591801,0.6688583675544407,0.0,0.0,185.12,0.9,1.0
-4.860000000000014,1.5,218920524.3518476,488063389.19886565,18233122.56070263,249846.79354819155,146746864984.38333,1002.185120714239,0.0009978196436276347,0.05806422303976263,0.042061019432928434,0.05802129115788556,0.09802129115788556,0.0011412671072660102,0.6688587328927339,0.0,0.0,185.14,0.9,1.0
-4.840000000000003,1.5,219131069.68140835,488533864.0412258,18250642.474487614,250007.05119601265,146888077992.2232,1002.185120714239,0.0009978196436276347,0.0580638810848578,0.04206078550469342,0.05802096296186845,0.09802096296186845,0.0011409018883515453,0.6688590981116483,0.0,0.0,185.16,0.9,1.0
-4.819999999999993,1.5,219341816.00166258,489004788.70505965,18268179.102984693,250167.41046665554,147029425856.23773,1002.185120714239,0.0009978196436276347,0.058063539242608646,0.0420605516535945,0.058020634873998965,0.09802063487399897,0.001140536788775192,0.6688594632112247,0.0,0.0,185.18,0.9,1.0
-4.800000000000011,1.5,219552763.5035221,489476163.6180771,18285732.462063998,250327.87142418642,147170908704.5567,1002.185120714239,0.0009978196436276347,0.05806319751297511,0.04206031787960419,0.05802030689423853,0.09802030689423853,0.0011401718084963698,0.6688598281915036,0.0,0.0,185.2,0.9,1.0
-4.780000000000001,1.5,219763912.37808514,489947989.2084006,18303302.56761108,250488.43413272008,147312526665.42874,1002.185120714239,0.0009978196436276347,0.058062855895918836,0.04206008418269616,0.058019979022550176,0.09801997902255018,0.0011398069474745068,0.6688601930525254,0.0,0.0,185.22,0.9,1.0
-4.759999999999991,1.5,219975262.81663018,490420265.90455514,18320889.435526334,250649.0986564098,147454279867.22714,1002.185120714239,0.0009978196436276347,0.05806251439140173,0.042059850562844316,0.058019651258897374,0.09801965125889738,0.0011394422056690474,0.6688605577943308,0.0,0.0,185.24,0.9,1.0
-4.740000000000009,1.5,220186815.01061162,490892994.13546515,18338493.081724975,250809.8650594441,147596168438.44223,1002.185120714239,0.0009978196436276347,0.05806217299938452,0.042059617020021686,0.0580193236032421,0.0980193236032421,0.0011390775830394586,0.6688609224169605,0.0,0.0,185.26,0.9,1.0
-4.719999999999999,1.5,220398569.1516737,491366174.3304774,18356113.522137936,250970.73340605994,147738192507.69128,1002.185120714239,0.0009978196436276347,0.058061831719828615,0.04205938355420183,0.058018996055547355,0.09801899605554736,0.0011387130795452087,0.6688612869204548,0.0,0.0,185.28,0.9,1.0
-4.699999999999989,1.5,220610525.43163386,491839806.91932875,18373750.772710588,251131.70376052818,147880352203.70932,1002.185120714239,0.0009978196436276347,0.05806149055269512,0.04205915016535805,0.05801866861577561,0.09801866861577561,0.0011383486951457927,0.6688616513048541,0.0,0.0,185.3,0.9,1.0
-4.680000000000007,1.5,220822684.04249662,492313892.33217365,18391404.849403612,251292.7761871633,148022647655.3555,1002.185120714239,0.0009978196436276347,0.058061149497945615,0.042058916853464,0.05801834128388985,0.09801834128388985,0.0011379844298007116,0.6688620155701992,0.0,0.0,185.32,0.9,1.0
-4.659999999999997,1.5,221035045.176447,492788430.9995749,18409075.768193066,251453.95075031996,148165078991.61053,1002.185120714239,0.0009978196436276347,0.05806080855554054,0.04205868361849257,0.05801801405985207,0.09801801405985207,0.0011376202834694844,0.6688623797165304,0.0,0.0,185.34,0.9,1.0
-4.639999999999986,1.5,221247609.02585134,493263423.3524963,18426763.54506975,251615.2275143929,148307646341.578,1002.185120714239,0.0009978196436276347,0.058060467725442204,0.04205845046041787,0.05801768694362577,0.09801768694362577,0.001137256256111646,0.6688627437438883,0.0,0.0,185.36,0.9,1.0
-4.6200000000000045,1.5,221460375.7832598,493738869.8223177,18444468.19603981,251776.60654381884,148450349834.48218,1002.185120714239,0.0009978196436276347,0.05806012700761154,0.04205821737921312,0.05801735993517342,0.09801735993517342,0.0011368923476867427,0.6688631076523132,0.0,0.0,185.38,0.9,1.0
-4.599999999999994,1.5,221673345.64140663,494214770.8408279,18462189.73712475,251938.08790307565,148593189599.67303,1002.185120714239,0.0009978196436276347,0.05805978640201068,0.042057984374852336,0.058017033034458564,0.09801703303445856,0.0011365285581543345,0.6688634714418455,0.0,0.0,185.4,0.9,1.0
-4.5800000000000125,1.5,221886518.79320318,494691126.8402198,18479928.184360925,252099.67165667732,148736165766.61993,1002.185120714239,0.0009978196436276347,0.05805944590859972,0.04205775144730817,0.05801670624144264,0.09801670624144264,0.0011361648874739997,0.668863835112526,0.0,0.0,185.42,0.9,1.0
-4.560000000000002,1.5,222099895.43174443,495167938.25308937,18497683.55379962,252261.35786918088,148879278464.91345,1002.185120714239,0.0009978196436276347,0.058059105527341164,0.042057518596554884,0.0580163795560897,0.0980163795560897,0.0011358013356053364,0.6688641986643946,0.0,0.0,185.44,0.9,1.0
-4.539999999999992,1.5,222313475.75029722,495645205.5124251,18515455.86150694,252423.14660517414,149022527824.26212,1002.185120714239,0.0009978196436276347,0.05805876525819534,0.042057285822565287,0.058016052978361675,0.09801605297836168,0.0011354379025079698,0.668864562097492,0.0,0.0,185.46,0.9,1.0
-4.52000000000001,1.5,222527259.9423139,496122929.051628,18533245.12356405,252585.03792928788,149165913974.4948,1002.185120714239,0.0009978196436276347,0.05805842510112361,0.04205705312531288,0.058015726508221586,0.09801572650822159,0.0011350745881415418,0.6688649254118584,0.0,0.0,185.48,0.9,1.0
-4.5,1.5,222741248.20142862,496601109.3045062,18551051.35606737,252747.03190619274,149309437045.5676,1002.185120714239,0.0009978196436276347,0.0580580850560873,0.04205682050477113,0.058015400145632466,0.09801540014563247,0.0011347113924657067,0.6688652886075342,0.0,0.0,185.5,0.9,1.0
-4.47999999999999,1.5,222955440.72146118,497079746.7052828,18568874.575128626,252909.12860060154,149453097167.55716,1002.185120714239,0.0009978196436276347,0.058057745123048246,0.04205658796091387,0.058015073890557815,0.09801507389055782,0.0011343483154401313,0.6688656516845598,0.0,0.0,185.52,0.9,1.0
-4.460000000000008,1.5,223169837.69641122,497558841.688591,18586714.796874803,253071.32807726518,149596894470.66385,1002.185120714239,0.0009978196436276347,0.05805740530196629,0.04205635549371357,0.058014747742959054,0.09801474774295905,0.0011339853570245012,0.6688660146429755,0.0,0.0,185.54,0.9,1.0
-4.439999999999998,1.5,223384439.32046604,498038394.6894743,18604572.03744803,253233.63040097806,149740829085.21045,1002.185120714239,0.0009978196436276347,0.05805706559280435,0.04205612310314478,0.05801442170280079,0.0980144217028008,0.0011336225171785154,0.6688663774828214,0.0,0.0,185.56,0.9,1.0
-4.4199999999999875,1.5,223599245.78799465,498518406.1433939,18622446.31300599,253396.03563657415,149884901141.64584,1002.185120714239,0.0009978196436276347,0.058056725995522244,0.04205589078917997,0.05801409577004448,0.09801409577004448,0.0011332597958618837,0.6688667402041382,0.0,0.0,185.58,0.9,1.0
-4.400000000000006,1.5,223814257.29355094,498998876.48621696,18640337.63972134,253558.5438489282,150029110770.53882,1002.185120714239,0.0009978196436276347,0.058056386510082374,0.04205565855179332,0.058013769944654174,0.09801376994465417,0.0011328971930343343,0.6688671028069656,0.0,0.0,185.6,0.9,1.0
-4.3799999999999955,1.5,224029474.03187233,499479806.15422916,18658246.03378239,253721.155102956,150173458102.58615,1002.185120714239,0.0009978196436276347,0.05805604713644502,0.042055426390957634,0.05801344422659179,0.09801344422659179,0.0011325347086556085,0.6688674652913443,0.0,0.0,185.62,0.9,1.0
-4.360000000000014,1.5,224244896.19788158,499961195.5841264,18676171.511392374,253883.8694636142,150317943268.60367,1002.185120714239,0.0009978196436276347,0.05805570787457221,0.042055194306646844,0.05801311861582089,0.09801311861582089,0.0011321723426854628,0.6688678276573143,0.0,0.0,185.64,0.9,1.0
-4.340000000000003,1.5,224460523.98668852,500443045.21302396,18694114.08877028,254046.68699590265,150462566399.53708,1002.185120714239,0.0009978196436276347,0.0580553687244258,0.042054962298834785,0.058012793112305,0.098012793112305,0.0011318100950836625,0.6688681899049163,0.0,0.0,185.66,0.9,1.0
-4.319999999999993,1.5,224676357.59358147,500925355.47844446,18712073.78215027,254209.6077648573,150607327626.45026,1002.185120714239,0.0009978196436276347,0.058055029685965556,0.0420547303674939,0.05801246771600559,0.0980124677160056,0.001131447965809998,0.6688685520341899,0.0,0.0,185.68,0.9,1.0
-4.300000000000011,1.5,224892397.21404168,501408126.81833243,18730050.607781924,254372.6318355614,150752227080.5361,1002.185120714239,0.0009978196436276347,0.05805469075915458,0.04205449851259884,0.0580121424268872,0.0980121424268872,0.0011310859548242609,0.6688689140451757,0.0,0.0,185.7,0.9,1.0
-4.280000000000001,1.5,225108643.04372773,501891359.6710408,18748044.581930105,254535.7592731324,150897264893.10706,1002.185120714239,0.0009978196436276347,0.05805435194395258,0.04205426673412202,0.058011817244911355,0.09801181724491136,0.0011307240620862704,0.6688692759379137,0.0,0.0,185.72,0.9,1.0
-4.259999999999991,1.5,225325095.2784915,502375054.4753431,18766055.720875263,254698.99014273568,151042441195.60477,1002.185120714239,0.0009978196436276347,0.05805401324032315,0.042054035032038424,0.058011492170043054,0.09801149217004305,0.0011303622875558504,0.6688696377124441,0.0,0.0,185.74,0.9,1.0
-4.240000000000009,1.5,225541754.1143641,502859211.6704275,18784084.040913146,254862.3245095723,151187756119.5928,1002.185120714239,0.0009978196436276347,0.05805367464822612,0.042053803406320533,0.0580111672022438,0.0980111672022438,0.0011300006311928423,0.6688699993688071,0.0,0.0,185.76,0.9,1.0
-4.219999999999999,1.5,225758619.7475655,503343831.69590014,18802129.558355004,255025.76243888706,151333209796.76102,1002.185120714239,0.0009978196436276347,0.058053336167622885,0.04205357185694188,0.0580108423414766,0.0980108423414766,0.0011296390929571012,0.6688703609070429,0.0,0.0,185.78,0.9,1.0
-4.199999999999989,1.5,225975692.37450087,503828914.99177885,18820192.28952733,255189.30399596598,151478802358.92078,1002.185120714239,0.0009978196436276347,0.05805299779847599,0.042053340383876744,0.058010517587705555,0.09801051758770556,0.0011292776728085002,0.6688707223271915,0.0,0.0,185.8,0.9,1.0
-4.180000000000007,1.5,226192972.19176137,504314461.9985057,18838272.25077249,255352.9492461344,151624533938.01276,1002.185120714239,0.0009978196436276347,0.05805265954074572,0.04205310898709793,0.05801019294089254,0.09801019294089254,0.0011289163707069196,0.668871083629293,0.0,0.0,185.82,0.9,1.0
-4.159999999999997,1.5,226410459.39612368,504800473.15693325,18856369.458447922,255516.69825476027,151770404666.09885,1002.185120714239,0.0009978196436276347,0.05805232139439413,0.0420528776665794,0.05800986840100119,0.09800986840100119,0.0011285551866122615,0.6688714448133877,0.0,0.0,185.84,0.9,1.0
-4.139999999999986,1.5,226628154.18455416,505286948.9083374,18874483.92892669,255680.55108725448,151916414675.36823,1002.185120714239,0.0009978196436276347,0.058051983359383656,0.04205264642229537,0.05800954396799551,0.09800954396799551,0.001128194120484438,0.6688718058795154,0.0,0.0,185.86,0.9,1.0
-4.1200000000000045,1.5,226846056.75420249,505773889.69441265,18892615.678597644,255844.5078090666,152062564098.1364,1002.185120714239,0.0009978196436276347,0.05805164543567476,0.04205241525421875,0.058009219641837494,0.0980092196418375,0.0011278331722833755,0.6688721668277166,0.0,0.0,185.88,0.9,1.0
-4.099999999999994,1.5,227064167.3024052,506261295.9572686,18910764.72386468,256008.56848568728,152208853066.84064,1002.185120714239,0.0009978196436276347,0.05805130762322889,0.042052184162323106,0.05800889542249018,0.09800889542249018,0.001127472341969016,0.6688725276580308,0.0,0.0,185.9,0.9,1.0
-4.0800000000000125,1.5,227282486.02668905,506749168.1394376,18928931.081147633,256172.73318265093,152355281714.04782,1002.185120714239,0.0009978196436276347,0.0580509699220085,0.042051953146582645,0.05800857130991762,0.09800857130991762,0.0011271116295013134,0.6688728883704986,0.0,0.0,185.92,0.9,1.0
-4.060000000000002,1.5,227501013.1247622,507237506.68386465,18947114.766881492,256337.00196552952,152501850172.44626,1002.185120714239,0.0009978196436276347,0.058050632331974605,0.04205172220697069,0.058008247304082265,0.09800824730408227,0.001126751034840243,0.6688732489651598,0.0,0.0,185.94,0.9,1.0
-4.039999999999992,1.5,227719748.79452667,507726312.0339289,18965315.79751742,256501.37489994057,152648558574.85434,1002.185120714239,0.0009978196436276347,0.0580502948530881,0.0420514913434604,0.05800792340494667,0.09800792340494667,0.0011263905579457828,0.6688736094420541,0.0,0.0,185.96,0.9,1.0
-4.02000000000001,1.5,227938693.23406878,508215584.63341385,18983534.189521417,256665.8520515415,152795407054.21408,1002.185120714239,0.0009978196436276347,0.05804995748531261,0.0420512605560268,0.058007599612475945,0.09800759961247595,0.0011260301987779356,0.668873969801222,0.0,0.0,185.98,0.9,1.0
-4.0,1.5,228157846.64166242,508705324.9265327,19001769.95937562,256830.43348603032,152942395743.59195,1002.185120714239,0.0009978196436276347,0.05804962022860903,0.0420510298446431,0.058007275926632566,0.09800727592663257,0.0011256699572967134,0.6688743300427031,0.0,0.0,186.0,0.9,1.0
-3.9799999999999898,1.5,228377209.21576867,509195533.35792005,19020023.123577643,256995.11926914554,153089524776.1842,1002.185120714239,0.0009978196436276347,0.05804928308293784,0.0420507992092822,0.05800695234737851,0.09800695234737851,0.001125309833462142,0.6688746901665378,0.0,0.0,186.02,0.9,1.0
-3.960000000000008,1.5,228596781.15503895,509686210.3726301,19038293.698640663,257159.90946666987,153236794285.31067,1002.185120714239,0.0009978196436276347,0.05804894604826162,0.042050568649918435,0.058006628874677856,0.09800662887467786,0.0011249498272342634,0.6688750501727656,0.0,0.0,186.04,0.9,1.0
-3.9399999999999977,1.5,228816562.65830976,510177356.4161338,19056581.701093286,257324.80414442517,153384204404.417,1002.185120714239,0.0009978196436276347,0.05804860912454237,0.04205033816652573,0.058006305508494165,0.09800630550849417,0.001124589938573137,0.6688754100614268,0.0,0.0,186.06,0.9,1.0
-3.9199999999999875,1.5,229036553.92461157,510668971.93433887,19074887.14748046,257489.80336827761,153531755267.07852,1002.185120714239,0.0009978196436276347,0.058048272311741575,0.04205010775907767,0.05800598224879044,0.09800598224879044,0.001124230167438826,0.668875769832561,0.0,0.0,186.08,0.9,1.0
-3.9000000000000057,1.5,229256755.15315783,511161057.3735614,19093210.054362126,257654.90720413264,153679447006.995,1002.185120714239,0.0009978196436276347,0.05804793560982131,0.04204987742754827,0.05800565909553023,0.09800565909553023,0.0011238705137914175,0.6688761294862084,0.0,0.0,186.1,0.9,1.0
-3.8799999999999955,1.5,229477166.54335073,511653613.1805442,19111550.438314036,257820.11571793538,153827279757.9907,1002.185120714239,0.0009978196436276347,0.05804759901874253,0.04204964717191072,0.05800533604867605,0.09800533604867605,0.0011235109775910117,0.6688764890224089,0.0,0.0,186.12,0.9,1.0
-3.8600000000000136,1.5,229697788.29478619,512146639.80246115,19129908.315927926,257985.42897567755,153975253654.02216,1002.185120714239,0.0009978196436276347,0.0580472625384673,0.04204941699213904,0.058005013108191415,0.09800501310819142,0.001123151558797719,0.6688768484412022,0.0,0.0,186.14,0.9,1.0
-3.8400000000000034,1.5,229918620.60724527,512640137.6869009,19148283.703810968,258150.84704338896,154123368829.16852,1002.185120714239,0.0009978196436276347,0.05804692616895771,0.0420491868882072,0.05800469027403992,0.09800469027403992,0.0011227922573716668,0.6688772077426283,0.0,0.0,186.16,0.9,1.0
-3.819999999999993,1.5,230139663.6806999,513134107.2818802,19166676.618586205,258316.3699871423,154271625417.63596,1002.185120714239,0.0009978196436276347,0.05804658991017572,0.04204895686008912,0.05800436754618509,0.09800436754618509,0.001122433073272997,0.6688775669267268,0.0,0.0,186.18,0.9,1.0
-3.8000000000000114,1.5,230360917.71531233,513628549.0358443,19185087.07689249,258481.99787305153,154420023553.7628,1002.185120714239,0.0009978196436276347,0.058046253762083,0.04204872690775851,0.05800404492458996,0.09800404492458996,0.0011220740064618602,0.6688779259935381,0.0,0.0,186.2,0.9,1.0
-3.780000000000001,1.5,230582382.91143274,514123463.39765644,19203515.09538417,258647.73076727326,154568563372.00858,1002.185120714239,0.0009978196436276347,0.058045917724642064,0.042048497031189666,0.05800372240921863,0.09800372240921863,0.0011217150568984297,0.6688782849431015,0.0,0.0,186.22,0.9,1.0
-3.759999999999991,1.5,230804059.46959963,514618850.81661063,19221960.690731626,258813.56873600298,154717245006.9614,1002.185120714239,0.0009978196436276347,0.05804558179781289,0.04204826723035515,0.058003400000032505,0.0980034000000325,0.0011213562245428908,0.6688786437754569,0.0,0.0,186.24,0.9,1.0
-3.740000000000009,1.5,231025947.5905463,515114711.7424237,19240423.879620843,258979.51184548263,154866068593.34076,1002.185120714239,0.0009978196436276347,0.05804524598155969,0.04204803750523039,0.05800307769699727,0.09800307769699727,0.0011209975093554381,0.6688790024906446,0.0,0.0,186.26,0.9,1.0
-3.719999999999999,1.5,231248047.4751914,515611046.6252422,19258904.678753864,259145.56016199032,155015034265.99106,1002.185120714239,0.0009978196436276347,0.058044910275842417,0.04204780785578795,0.05800275550007435,0.09800275550007435,0.001120638911296285,0.6688793610887037,0.0,0.0,186.28,0.9,1.0
-3.6999999999999886,1.5,231470359.32464886,516107855.9156379,19277403.10484823,259311.713751852,155164142159.88336,1002.185120714239,0.0009978196436276347,0.05804457468062474,0.04204757828200289,0.05800243340922894,0.09800243340922894,0.0011202804303256557,0.6688797195696743,0.0,0.0,186.3,0.9,1.0
-3.680000000000007,1.5,231692883.3402157,516605140.0646061,19295919.174637437,259477.97268142804,155313392410.11835,1002.185120714239,0.0009978196436276347,0.058044239195866744,0.04204734878384787,0.05800211142442243,0.09800211142442243,0.0011199220664037948,0.6688800779335962,0.0,0.0,186.32,0.9,1.0
-3.6599999999999966,1.5,231915619.7233913,517102899.5235825,19314452.90487118,259644.3370171309,155462785151.9269,1002.185120714239,0.0009978196436276347,0.058043903821531975,0.04204711936129785,0.058001789545619985,0.09800178954561999,0.0011195638194909493,0.668880436180509,0.0,0.0,186.34,0.9,1.0
-3.6399999999999864,1.5,232138568.67585516,517601134.74441266,19333004.312314413,259810.80682540554,155612320520.66364,1002.185120714239,0.0009978196436276347,0.05804356855758258,0.04204689001432686,0.058001467772785135,0.09800146777278514,0.0011192056895473947,0.6688807943104526,0.0,0.0,186.36,0.9,1.0
-3.6200000000000045,1.5,232361730.3994812,518099846.1793833,19351573.41374836,259977.38217274265,155761998651.8131,1002.185120714239,0.0009978196436276347,0.058043233403979176,0.042046660742907936,0.058001146105879885,0.09800114610587989,0.0011188476765334107,0.6688811523234666,0.0,0.0,186.38,0.9,1.0
-3.5999999999999943,1.5,232585105.09633788,518599034.28120637,19370160.225970093,260144.06312567578,155911819680.9888,1002.185120714239,0.0009978196436276347,0.05804289836068539,0.042046431547016094,0.058000824544869344,0.09800082454486934,0.0011184897804092941,0.6688815102195907,0.0,0.0,186.4,0.9,1.0
-3.5800000000000125,1.5,232808692.9686786,519098699.50302124,19388764.765792437,260310.84975077622,156061783743.93274,1002.185120714239,0.0009978196436276347,0.058042563427661224,0.042046202426623935,0.05800050308971499,0.09800050308971499,0.0011181320011353594,0.6688818679988646,0.0,0.0,186.42,0.9,1.0
-3.5600000000000023,1.5,233032494.21895736,519598842.2984026,19407387.05004436,260477.74211466464,156211890976.51614,1002.185120714239,0.0009978196436276347,0.05804222860487095,0.04204597338170692,0.05800018174038251,0.09800018174038251,0.0011177743386719262,0.6688822256613279,0.0,0.0,186.44,0.9,1.0
-3.539999999999992,1.5,233256509.04981264,520099463.12135136,19426027.095570706,260644.74028399735,156362141514.73843,1002.185120714239,0.0009978196436276347,0.05804189389227511,0.04204574441223801,0.05799986049683383,0.09799986049683383,0.0011174167929793356,0.6688825832070205,0.0,0.0,186.46,0.9,1.0
-3.5200000000000102,1.5,233480737.66407487,520600562.4262917,19444684.919231914,260811.8443254726,156512535494.72623,1002.185120714239,0.0009978196436276347,0.05804155928983644,0.04204551551819165,0.05799953935903306,0.09799953935903306,0.0011170593640179459,0.668882940635982,0.0,0.0,186.48,0.9,1.0
-3.5,1.5,233705180.26477495,521102140.6680971,19463360.537905168,260979.0543058377,156663073052.7385,1002.185120714239,0.0009978196436276347,0.05804122479751751,0.04204528669954214,0.05799921832694429,0.09799921832694429,0.001116702051748116,0.6688832979482519,0.0,0.0,186.5,0.9,1.0
-3.4799999999999898,1.5,233929837.05512372,521604198.30205196,19482053.9684828,261146.37029187183,156813754325.15833,1002.185120714239,0.0009978196436276347,0.05804089041527891,0.0420450579562625,0.057998897400529485,0.09799889740052949,0.0011163448561302372,0.6688836551438697,0.0,0.0,186.52,0.9,1.0
-3.460000000000008,1.5,234154708.23853615,522106735.78388727,19500765.227873832,261313.79235040658,156964579448.50473,1002.185120714239,0.0009978196436276347,0.05804055614308446,0.04204482928832786,0.05799857657975382,0.09799857657975382,0.0011159877771246996,0.6688840122228752,0.0,0.0,186.54,0.9,1.0
-3.4399999999999977,1.5,234379794.01861253,522609753.5697587,19519494.33300276,261481.3205483073,157115548559.4211,1002.185120714239,0.0009978196436276347,0.05804022198089515,0.04204460069571152,0.05799825586457976,0.09799825586457976,0.0011156308146919136,0.668884369185308,0.0,0.0,186.56,0.9,1.0
-3.4199999999999875,1.5,234605094.599151,523113252.1162583,19538241.30081052,261648.95495248883,157266661794.68365,1002.185120714239,0.0009978196436276347,0.05803988792867434,0.04204437217838829,0.05799793525497198,0.09799793525497198,0.0011152739687923015,0.6688847260312077,0.0,0.0,186.58,0.9,1.0
-3.4000000000000057,1.5,234830610.1841378,523617231.8804053,19557006.14825374,261816.69562990096,157417919291.1932,1002.185120714239,0.0009978196436276347,0.05803955398638351,0.04204414373633179,0.057997614750893454,0.09799761475089346,0.001114917239386307,0.6688850827606136,0.0,0.0,186.6,0.9,1.0
-3.3799999999999955,1.5,235056340.97775662,524121693.3196599,19575788.892305467,261984.54264754118,157569321185.98645,1002.185120714239,0.0009978196436276347,0.05803922015398499,0.04204391536951619,0.05799729435230779,0.09799729435230779,0.0011145606264343774,0.6688854393735656,0.0,0.0,186.62,0.9,1.0
-3.3600000000000136,1.5,235282287.1843805,524626636.89190847,19594589.549954474,262152.49607244466,157720867616.22495,1002.185120714239,0.0009978196436276347,0.05803888643144034,0.04204368707791513,0.057996974059177996,0.097996974059178,0.0011142041298969813,0.668885795870103,0.0,0.0,186.64,0.9,1.0
-3.3400000000000034,1.5,235508449.00858355,525132063.05547917,19613408.138205905,262320.55597169616,157872558719.20404,1002.185120714239,0.0009978196436276347,0.05803855281871391,0.042043458861504096,0.05799665387146973,0.09799665387146973,0.001113847749734598,0.6688861522502654,0.0,0.0,186.66,0.9,1.0
-3.319999999999993,1.5,235734826.65512452,525637972.2691309,19632244.67408094,262488.7224124141,158024394632.34656,1002.185120714239,0.0009978196436276347,0.05803821931576527,0.042043230720255446,0.057996333789143976,0.09799633378914398,0.0011134914859077226,0.6688865085140921,0.0,0.0,186.68,0.9,1.0
-3.3000000000000114,1.5,235961420.32896295,526144364.9920538,19651099.174616747,262656.99546176556,158176375493.20712,1002.185120714239,0.0009978196436276347,0.058037885922559186,0.04204300265414495,0.057996013812166895,0.0979960138121669,0.0011131353383768638,0.6688868646616231,0.0,0.0,186.7,0.9,1.0
-3.280000000000001,1.5,236188230.23524332,526651241.68386996,19669971.65686641,262825.37518695183,158328501439.46683,1002.185120714239,0.0009978196436276347,0.05803755263905573,0.042042774663145266,0.057995693940499964,0.09799569394049996,0.0011127793071025517,0.6688872206928974,0.0,0.0,186.72,0.9,1.0
-3.259999999999991,1.5,236415256.5793027,527158602.8046182,19688862.137898687,262993.86165521725,158480772608.93326,1002.185120714239,0.0009978196436276347,0.05803721946521887,0.042042546747231645,0.05799537417410885,0.09799537417410885,0.0011124233920453397,0.6688875766079545,0.0,0.0,186.74,0.9,1.0
-3.240000000000009,1.5,236642499.5666652,527666448.814768,19707770.634798285,263162.4549338407,158633189139.54123,1002.185120714239,0.0009978196436276347,0.05803688640100962,0.042042318906377385,0.05799505451295605,0.09799505451295605,0.0011120675931658023,0.6688879324068341,0.0,0.0,186.76,0.9,1.0
-3.219999999999999,1.5,236869959.4030547,528174780.17523295,19726697.164666306,263331.15509014885,158785751169.3602,1002.185120714239,0.0009978196436276347,0.05803655344638991,0.04204209114055639,0.057994734957005155,0.09799473495700516,0.0011117119104245214,0.6688882880895755,0.0,0.0,186.78,0.9,1.0
-3.1999999999999886,1.5,237097636.29438907,528683597.34735596,19745641.74461983,263499.96219150955,158938458836.58752,1002.185120714239,0.0009978196436276347,0.058036220601323164,0.04204186344974354,0.0579944155062213,0.0979944155062213,0.0011113563437820967,0.6688886436562178,0.0,0.0,186.8,0.9,1.0
-3.180000000000007,1.5,237325530.4467787,529192900.7929212,19764604.391792227,263668.8763053314,159091312279.55338,1002.185120714239,0.0009978196436276347,0.05803588786577038,0.04204163583391212,0.05799409616056702,0.09799409616056702,0.0011110008931991412,0.6688889991068008,0.0,0.0,186.82,0.9,1.0
-3.1599999999999966,1.5,237553642.06653187,529702690.97415245,19783585.123333294,263837.8974990665,159244311636.71826,1002.185120714239,0.0009978196436276347,0.05803555523969345,0.04204140829303599,0.05799377692000584,0.09799377692000584,0.0011106455586362815,0.6688893544413637,0.0,0.0,186.84,0.9,1.0
-3.1399999999999864,1.5,237781971.36015382,530212968.35370797,19802583.956408657,264007.02584021306,159397457046.6734,1002.185120714239,0.0009978196436276347,0.05803522272305654,0.04204118082709055,0.05799345778450348,0.09799345778450348,0.0011102903400541572,0.6688897096599458,0.0,0.0,186.86,0.9,1.0
-3.1200000000000045,1.5,238010518.53434053,530723733.3946865,19821600.908200618,264176.2613963055,159550748648.14188,1002.185120714239,0.0009978196436276347,0.05803489031581994,0.04204095343604861,0.05799313875402192,0.09799313875402192,0.0011099352374134247,0.6688900647625865,0.0,0.0,186.88,0.9,1.0
-3.0999999999999943,1.5,238239283.79598704,531234986.5606258,19840635.99590753,264345.6042349244,159704186579.97992,1002.185120714239,0.0009978196436276347,0.0580345580179463,0.042040726119884554,0.05799281982852527,0.09799281982852527,0.0011095802506747505,0.6688904197493253,0.0,0.0,186.9,0.9,1.0
-3.0800000000000125,1.5,238468267.3521836,531746728.3155012,19859689.236743983,264515.05442369264,159857770981.17023,1002.185120714239,0.0009978196436276347,0.05803422582939795,0.04204049887857253,0.057992501007977586,0.09799250100797759,0.0011092253797988208,0.6688907746202011,0.0,0.0,186.92,0.9,1.0
-3.0600000000000023,1.5,238697469.41021746,532258959.1237318,19878760.647941064,264684.612030276,160011501990.83337,1002.185120714239,0.0009978196436276347,0.05803389375013703,0.042040271712086595,0.05799218229234245,0.09799218229234245,0.00110887062474633,0.6688911293752536,0.0,0.0,186.94,0.9,1.0
-3.039999999999992,1.5,238926890.17757142,532771679.4501711,19897850.246745903,264854.2771223821,160165379748.21725,1002.185120714239,0.0009978196436276347,0.05803356178012652,0.04204004462040134,0.05799186368158451,0.09799186368158451,0.0011085159854779898,0.6688914840145219,0.0,0.0,186.96,0.9,1.0
-3.0200000000000102,1.5,239156529.86192563,533284889.7601211,19916958.050422393,265024.04976776225,160319404392.704,1002.185120714239,0.0009978196436276347,0.05803322991932787,0.04203981760349034,0.05799154517566681,0.09799154517566681,0.0011081614619545238,0.6688918385380455,0.0,0.0,186.98,0.9,1.0
-3.0,1.5,239386388.67115703,533798590.51932096,19936084.076250415,265193.93003421044,160473576063.80774,1002.185120714239,0.0009978196436276347,0.05803289816770368,0.04203959066132796,0.05799122677455345,0.09799122677455345,0.0011078070541366697,0.6688921929458633,0.0,0.0,187.0,0.9,1.0
-2.9799999999999898,1.5,239616466.81333697,534312782.1939439,19955228.341526076,265363.9179895609,160627894901.1743,1002.185120714239,0.0009978196436276347,0.058032566525216996,0.04203936379388884,0.05799090847820903,0.09799090847820903,0.0011074527619851832,0.6688925472380147,0.0,0.0,187.02,0.9,1.0
-2.960000000000008,1.5,239846764.49673805,534827465.2506203,19974390.863562435,265534.01370169525,160782361044.58002,1002.185120714239,0.0009978196436276347,0.05803223499182923,0.04203913700114653,0.05799059028659664,0.09799059028659664,0.0011070985854608288,0.6688929014145392,0.0,0.0,187.04,0.9,1.0
-2.9399999999999977,1.5,240077281.929826,535342640.15641147,19993571.65968851,265704.2172385327,160936974633.93832,1002.185120714239,0.0009978196436276347,0.058031903567502506,0.04203891028307506,0.05799027219967983,0.09799027219967983,0.001106744524524387,0.6688932554754755,0.0,0.0,187.06,0.9,1.0
-2.9199999999999875,1.5,240308019.32126912,535858307.3788253,20012770.74724974,265874.5286680409,161091735809.28943,1002.185120714239,0.0009978196436276347,0.058031572252200896,0.04203868363964978,0.057989954217424276,0.09798995421742428,0.0011063905791366536,0.6688936094208633,0.0,0.0,187.08,0.9,1.0
-2.9000000000000057,1.5,240538976.87992832,536374467.385813,20031988.14360821,266044.94805822585,161246644710.81088,1002.185120714239,0.0009978196436276347,0.058031241045885376,0.04203845707084393,0.057989636339792504,0.0979896363397925,0.0011060367492584354,0.6688939632507415,0.0,0.0,187.1,0.9,1.0
-2.8799999999999955,1.5,240770154.81486318,536891120.6457692,20051223.86614236,266215.4754771361,161401701478.81128,1002.185120714239,0.0009978196436276347,0.05803090994851756,0.04203823057663122,0.05798931856674757,0.09798931856674757,0.0011056830348505566,0.6688943169651493,0.0,0.0,187.12,0.9,1.0
-2.8600000000000136,1.5,241001553.3353364,537408267.6275331,20070477.932246957,266386.11099286913,161556906253.7322,1002.185120714239,0.0009978196436276347,0.058030578960061995,0.04203800415698728,0.05798900089825567,0.09798900089825567,0.0011053294358738506,0.6688946705641261,0.0,0.0,187.14,0.9,1.0
-2.8400000000000034,1.5,241233172.65080303,537925908.8003838,20089750.35933324,266556.8546735589,161712259176.14822,1002.185120714239,0.0009978196436276347,0.058030248080480774,0.042037777811886154,0.05798868333428039,0.09798868333428039,0.0011049759522891698,0.6688950240477107,0.0,0.0,187.16,0.9,1.0
-2.819999999999993,1.5,241465012.97091734,538444044.6340536,20109041.16482922,266727.7065873831,161867760386.76724,1002.185120714239,0.0009978196436276347,0.05802991730973436,0.04203755154130073,0.05798836587478375,0.09798836587478375,0.0011046225840573788,0.6688953774159425,0.0,0.0,187.18,0.9,1.0
-2.8000000000000114,1.5,241697074.5055374,538962675.5987141,20128350.366179205,266898.6668025683,162023410026.43033,1002.185120714239,0.0009978196436276347,0.05802958664778801,0.04203732534520716,0.05798804851973246,0.09798804851973246,0.001104269331139354,0.6688957306688607,0.0,0.0,187.2,0.9,1.0
-2.780000000000001,1.5,241929357.46471316,539481802.1649847,20147677.98084402,267069.7353873763,162179208236.11325,1002.185120714239,0.0009978196436276347,0.058029256094602216,0.042037099223578366,0.05798773126908854,0.09798773126908854,0.0011039161934959874,0.668896083806504,0.0,0.0,187.22,0.9,1.0
-2.759999999999991,1.5,242161862.05869877,540001424.8039309,20167024.026301023,267240.9124101172,162335155156.92307,1002.185120714239,0.0009978196436276347,0.05802892565014054,0.04203687317638936,0.0579874141228171,0.0979874141228171,0.001103563171088185,0.6688964368289118,0.0,0.0,187.24,0.9,1.0
-2.740000000000009,1.5,242394588.4979424,540521543.9870607,20186388.52004413,267412.19793914055,162491250930.10156,1002.185120714239,0.0009978196436276347,0.0580285953143646,0.042036647203613824,0.057987097080881254,0.09798709708088126,0.00110321026387687,0.6688967897361231,0.0,0.0,187.26,0.9,1.0
-2.719999999999999,1.5,242627536.99309924,541042160.1863393,20205771.479583964,267583.5920428436,162647495697.0262,1002.185120714239,0.0009978196436276347,0.05802826508723805,0.042036421305226834,0.057986780143246146,0.09798678014324615,0.001102857471822971,0.6688971425281769,0.0,0.0,187.28,0.9,1.0
-2.6999999999999886,1.5,242860707.7550164,541563273.8741672,20225172.922447514,267755.0947896624,162803889599.20496,1002.185120714239,0.0009978196436276347,0.05802793496872298,0.042036195481202375,0.05798646330987533,0.09798646330987533,0.001102504794887438,0.6688974952051124,0.0,0.0,187.3,0.9,1.0
-2.680000000000007,1.5,243094100.9947441,542084885.5234008,20244592.86617852,267926.7062480778,162960432778.28262,1002.185120714239,0.0009978196436276347,0.058027604958781426,0.04203596973151443,0.057986146580732416,0.09798614658073242,0.0011021522330312338,0.6688978477669687,0.0,0.0,187.32,0.9,1.0
-2.6599999999999966,1.5,243327716.92353514,542606995.607343,20264031.32833733,268098.42648661544,163117125376.0372,1002.185120714239,0.0009978196436276347,0.05802727505737763,0.042035744056138476,0.05798582995578307,0.09798582995578307,0.0011017997862153301,0.6688982002137845,0.0,0.0,187.34,0.9,1.0
-2.6399999999999864,1.5,243561555.75283724,543129604.599745,20283488.32650078,268270.2555738411,163273967534.3821,1002.185120714239,0.0009978196436276347,0.05802694526447267,0.04203551845504781,0.05798551343498986,0.09798551343498986,0.0011014474544007175,0.6688985525455992,0.0,0.0,187.36,0.9,1.0
-2.6200000000000045,1.5,243795617.69430104,543652712.9748056,20302963.878262572,268442.1935783656,163430959395.3629,1002.185120714239,0.0009978196436276347,0.058026615580029674,0.04203529292821716,0.05798519701831736,0.09798519701831736,0.0011010952375484012,0.6688989047624516,0.0,0.0,187.38,0.9,1.0
-2.5999999999999943,1.5,244029902.95977765,544176321.2071729,20322458.001232777,268614.24056884303,163588101101.16098,1002.185120714239,0.0009978196436276347,0.058026286004011766,0.042035067475621225,0.05798488070573026,0.09798488070573026,0.0011007431356193976,0.6688992568643805,0.0,0.0,187.4,0.9,1.0
-2.5800000000000125,1.5,244264411.7613198,544700429.7719508,20341970.713038508,268786.3966139707,163745392794.0941,1002.185120714239,0.0009978196436276347,0.05802595653638111,0.04203484209723408,0.05798456449719213,0.09798456449719213,0.0011003911485747348,0.6688996088514252,0.0,0.0,187.42,0.9,1.0
-2.5600000000000023,1.5,244499144.3111801,545225039.1446902,20361502.031323347,268958.66178248887,163902834616.6131,1002.185120714239,0.0009978196436276347,0.05802562717710039,0.04203461679303009,0.05798424839266705,0.09798424839266705,0.0011000392763754574,0.6688999607236245,0.0,0.0,187.44,0.9,1.0
-2.539999999999992,1.5,244734100.82180986,545750149.8013862,20381051.97374746,269131.03614318115,164060426711.30276,1002.185120714239,0.0009978196436276347,0.058025297926132195,0.042034391562983664,0.05798393239211918,0.09798393239211918,0.0010996875189826292,0.6689003124810173,0.0,0.0,187.46,0.9,1.0
-2.5200000000000102,1.5,244969281.50586665,546275762.2184938,20400620.557988,269303.5197648744,164218169220.8846,1002.185120714239,0.0009978196436276347,0.05802496878344025,0.04203416640706987,0.05798361649551367,0.09798361649551367,0.0010993358763573182,0.6689006641236426,0.0,0.0,187.48,0.9,1.0
-2.5,1.5,245204686.57620788,546801876.872923,20420207.80173903,269476.1127164419,164376062288.2178,1002.185120714239,0.0009978196436276347,0.05802463974898621,0.04203394132526243,0.057983300702813566,0.09798330070281357,0.0010989843484606086,0.6689010156515394,0.0,0.0,187.5,0.9,1.0
-2.4799999999999898,1.5,245440316.24588907,547328494.2420188,20439813.722710565,269648.8150667946,164534106056.28976,1002.185120714239,0.0009978196436276347,0.058024310822734224,0.04203371631753675,0.057982985013984516,0.09798298501398452,0.0010986329352536072,0.6689013670647463,0.0,0.0,187.52,0.9,1.0
-2.460000000000008,1.5,245676170.72817108,547855614.803598,20459438.338630255,269821.62688489055,164692300668.23105,1002.185120714239,0.0009978196436276347,0.05802398200464551,0.04203349138386626,0.05798266942898916,0.09798266942898916,0.0010982816366974211,0.6689017183633025,0.0,0.0,187.54,0.9,1.0
-2.4399999999999977,1.5,245912250.2365177,548383239.0359226,20479081.667242337,269994.5482397335,164850646267.30493,1002.185120714239,0.0009978196436276347,0.05802365329468375,0.04203326652422604,0.057982353947792574,0.09798235394779257,0.0010979304527531798,0.6689020695472468,0.0,0.0,187.56,0.9,1.0
-2.4199999999999875,1.5,246148554.98459142,548911367.4177023,20498743.726307403,270167.5792003647,165009142996.90805,1002.185120714239,0.0009978196436276347,0.05802332469281212,0.042033041738590814,0.05798203857035946,0.09798203857035946,0.0010975793833820273,0.6689024206166179,0.0,0.0,187.58,0.9,1.0
-2.4000000000000057,1.5,246385085.18625802,549440000.4281083,20518424.533603378,270340.71983587294,165167791000.5747,1002.185120714239,0.0009978196436276347,0.0580229961989923,0.04203281702693434,0.05798172329665285,0.09798172329665285,0.0010972284285451185,0.6689027715714548,0.0,0.0,187.6,0.9,1.0
-2.3799999999999955,1.5,246621841.0555902,549969138.5467683,20538124.106924884,270513.970215392,165326590421.9781,1002.185120714239,0.0009978196436276347,0.05802266781318804,0.04203259238923174,0.0579814081266379,0.0979814081266379,0.0010968775882036182,0.6689031224117964,0.0,0.0,187.62,0.9,1.0
-2.3600000000000136,1.5,246858822.8068566,550498782.2537526,20557842.464083172,270687.33040809433,165485541404.92285,1002.185120714239,0.0009978196436276347,0.05802233953536205,0.04203236782545743,0.05798109306027876,0.09798109306027876,0.0010965268623187156,0.6689034731376813,0.0,0.0,187.64,0.9,1.0
-2.3400000000000034,1.5,247096030.65453488,551028932.0296006,20577579.62290665,270860.80048320047,165644644093.35284,1002.185120714239,0.0009978196436276347,0.05802201136547696,0.04203214333558581,0.05798077809753948,0.09798077809753948,0.001096176250851602,0.6689038237491484,0.0,0.0,187.66,0.9,1.0
-2.319999999999993,1.5,247333464.8133032,551559588.3552976,20597335.60124047,271034.3805099741,165803898631.3471,1002.185120714239,0.0009978196436276347,0.05802168330349661,0.04203191891959204,0.057980463238385314,0.09798046323838532,0.0010958257537634914,0.6689041742462364,0.0,0.0,187.68,0.9,1.0
-2.3000000000000114,1.5,247571125.4980432,552090751.7122904,20617110.41694676,271208.07055772014,165963305163.12183,1002.185120714239,0.0009978196436276347,0.058021355349383213,0.04203169457745025,0.05798014848277982,0.09798014848277982,0.0010954753710156065,0.6689045246289844,0.0,0.0,187.7,0.9,1.0
-2.280000000000001,1.5,247809012.92383918,552622422.5824786,20636904.08790448,271381.8706957882,166122863833.031,1002.185120714239,0.0009978196436276347,0.0580210275030994,0.04203147030913479,0.057979833830687104,0.0979798338306871,0.001095125102569185,0.6689048748974308,0.0,0.0,187.72,0.9,1.0
-2.259999999999991,1.5,248047127.3059818,553154601.4482225,20656716.63200961,271555.78099357296,166282574785.56183,1002.185120714239,0.0009978196436276347,0.05802069976460851,0.04203124611462053,0.05797951928207181,0.09797951928207181,0.0010947749483854797,0.6689052250516145,0.0,0.0,187.74,0.9,1.0
-2.240000000000009,1.5,248285468.8599631,553687288.792332,20676548.06717492,271729.8015205112,166442438165.34027,1002.185120714239,0.0009978196436276347,0.05802037213387423,0.04203102199388254,0.05797920483689913,0.09797920483689913,0.001094424908425757,0.6689055750915742,0.0,0.0,187.76,0.9,1.0
-2.219999999999999,1.5,248524037.80148095,554220485.0980862,20696398.411330294,271903.9323460852,166602454117.13275,1002.185120714239,0.0009978196436276347,0.05802004461085834,0.04203079794689465,0.05797889049513213,0.09797889049513213,0.0010940749826512943,0.6689059250173486,0.0,0.0,187.78,0.9,1.0
-2.1999999999999886,1.5,248762834.34643757,554754190.8492149,20716267.682422675,272078.1735398196,166762622785.83762,1002.185120714239,0.0009978196436276347,0.05801971719552462,0.04203057397363199,0.057978576256735935,0.09797857625673594,0.0010937251710233852,0.6689062748289765,0.0,0.0,187.8,0.9,1.0
-2.180000000000007,1.5,249001858.71093804,555288406.5299044,20736155.898415633,272252.5251712835,166922944316.49173,1002.185120714239,0.0009978196436276347,0.058019389887836344,0.04203035007406936,0.05797826212167528,0.09797826212167528,0.001093375473503339,0.6689066245264965,0.0,0.0,187.82,0.9,1.0
-2.1599999999999966,1.5,249241111.11129472,555823132.6248076,20756063.077290192,272426.98731008987,167083418854.27344,1002.185120714239,0.0009978196436276347,0.0580190626877562,0.042030126248181206,0.05797794808991418,0.09797794808991418,0.0010930258900524717,0.6689069741099474,0.0,0.0,187.84,0.9,1.0
-2.1399999999999864,1.5,249480591.76402315,556358369.6190313,20775989.23704418,272601.5600258964,167244046544.49335,1002.185120714239,0.0009978196436276347,0.05801873559524758,0.042029902495942406,0.05797763416141737,0.09797763416141737,0.0010926764206321228,0.6689073235793678,0.0,0.0,187.86,0.9,1.0
-2.1200000000000045,1.5,249720300.88584223,556894117.9981424,20795934.39569248,272776.2433884015,167404827532.60153,1002.185120714239,0.0009978196436276347,0.05801840861027261,0.042029678817326985,0.05797732033614841,0.09797732033614841,0.0010923270652036384,0.6689076729347962,0.0,0.0,187.88,0.9,1.0
-2.0999999999999943,1.5,249960238.69368148,557430378.2481716,20815898.5712671,272951.0374673527,167565761964.1883,1002.185120714239,0.0009978196436276347,0.05801808173279576,0.04202945521231058,0.05797700661407298,0.09797700661407298,0.0010919778237283798,0.6689080221762717,0.0,0.0,187.9,0.9,1.0
-2.0800000000000125,1.5,250200405.4046715,557967150.8556067,20835881.781816974,273125.94233253726,167726849984.97824,1002.185120714239,0.0009978196436276347,0.05801775496277968,0.04202923168086757,0.05797669299515525,0.09797669299515525,0.0010916286961677232,0.6689083713038322,0.0,0.0,187.92,0.9,1.0
-2.0600000000000023,1.5,250440801.23614943,558504436.3074008,20855884.04540837,273300.9580537875,167888091740.8377,1002.185120714239,0.0009978196436276347,0.058017428300186705,0.04202900822297215,0.05797637947935879,0.09797637947935879,0.0010912796824830576,0.6689087203175168,0.0,0.0,187.94,0.9,1.0
-2.039999999999992,1.5,250681426.40565926,559042235.0909644,20875905.380124506,273476.08470098145,168049487377.76822,1002.185120714239,0.0009978196436276347,0.05801710174498065,0.04202878483859946,0.05797606606664878,0.09797606606664878,0.001090930782635786,0.6689090692173641,0.0,0.0,187.96,0.9,1.0
-2.0200000000000102,1.5,250922281.13095194,559580547.6941725,20895945.80406572,273651.3223440395,168211037041.91025,1002.185120714239,0.0009978196436276347,0.058016775297125345,0.04202856152772472,0.05797575275699037,0.09797575275699037,0.0010905819965873257,0.6689094180034126,0.0,0.0,187.98,0.9,1.0
-2.0,1.5,251163365.62997663,560119374.6053501,20916005.335349206,273826.67105292325,168372740879.54092,1002.185120714239,0.0009978196436276347,0.058016448956583,0.04202833829032201,0.05797543955034722,0.09797543955034722,0.0010902333242991137,0.6689097666757008,0.0,0.0,188.0,0.9,1.0
-1.9799999999999898,1.5,251404680.1208846,560658716.3132699,20936083.99210871,274002.1308976324,168534599037.06943,1002.185120714239,0.0009978196436276347,0.05801612272331723,0.04202811512636639,0.057975126446684476,0.09797512644668448,0.0010898847657326122,0.6689101152342674,0.0,0.0,188.02,0.9,1.0
-1.960000000000008,1.5,251646224.82203,561198573.3071653,20956181.79249516,274177.7019482109,168696611661.0442,1002.185120714239,0.0009978196436276347,0.05801579659728995,0.042027892035831745,0.057974813445965744,0.09797481344596574,0.0010895363208493004,0.6689104636791506,0.0,0.0,188.04,0.9,1.0
-1.9399999999999977,1.5,251887999.95197845,561738946.0767337,20976298.75467652,274353.3842747468,168858778898.1513,1002.185120714239,0.0009978196436276347,0.05801547057846594,0.04202766901869391,0.05797450054815722,0.09797450054815722,0.0010891879896106648,0.6689108120103892,0.0,0.0,188.06,0.9,1.0
-1.9199999999999875,1.5,252130005.7294998,562279835.1121389,20996434.896838397,274529.17794737336,169021100895.21884,1002.185120714239,0.0009978196436276347,0.05801514466680768,0.042027446074927144,0.05797418775322304,0.09797418775322304,0.0010888397719782113,0.6689111602280218,0.0,0.0,188.08,0.9,1.0
-1.9000000000000057,1.5,252372242.37356573,562821240.9040028,21016590.23718295,274705.0830362631,169183577799.20734,1002.185120714239,0.0009978196436276347,0.05801481886227613,0.042027223204504735,0.05797387506112583,0.09797387506112583,0.001088491667913461,0.6689115083320866,0.0,0.0,188.1,0.9,1.0
-1.8799999999999955,1.5,252614710.1033671,563363163.9434187,21036764.793930028,274881.09961164073,169346209757.22498,1002.185120714239,0.0009978196436276347,0.05801449316483756,0.042027000407403495,0.057973562471833294,0.0979735624718333,0.0010881436773779415,0.6689118563226221,0.0,0.0,188.12,0.9,1.0
-1.8600000000000136,1.5,252857409.13829234,563905604.7219456,21056958.585316725,275057.22774376825,169508996916.51266,1002.185120714239,0.0009978196436276347,0.05801416757445243,0.04202677768359636,0.05797324998530753,0.09797324998530753,0.0010877958003331996,0.6689122041996668,0.0,0.0,188.14,0.9,1.0
-1.8400000000000034,1.5,253100339.6979432,564448563.7316021,21077171.629597183,275233.46750295686,169671939424.45447,1002.185120714239,0.0009978196436276347,0.058013842091085926,0.0420265550330594,0.05797293760151525,0.09797293760151525,0.001087448036740795,0.6689125519632592,0.0,0.0,188.16,0.9,1.0
-1.8199999999999932,1.5,253343502.00212583,564992041.4648792,21097403.945042983,275409.8189595573,169835037428.57285,1002.185120714239,0.0009978196436276347,0.05801351671469963,0.042026332455766334,0.05797262532041957,0.09797262532041957,0.001087100386562299,0.6689128996134377,0.0,0.0,188.18,0.9,1.0
-1.8000000000000114,1.5,253586896.27085808,565536038.4147328,21117655.549942996,275586.28218397044,169998291076.5312,1002.185120714239,0.0009978196436276347,0.058013191445257586,0.042026109951692474,0.05797231314198619,0.09797231314198619,0.0010867528497592984,0.6689132471502407,0.0,0.0,188.2,0.9,1.0
-1.7800000000000011,1.5,253830522.72436267,566080555.0745862,21137926.462603424,275762.85724663566,170161700516.1298,1002.185120714239,0.0009978196436276347,0.05801286628272196,0.04202588752081189,0.05797200106617866,0.09797200106617866,0.0010864054262933927,0.6689135945737065,0.0,0.0,188.22,0.9,1.0
-1.759999999999991,1.5,254074381.58307543,566625591.9383302,21158216.70134772,275939.5442180432,170325265895.31198,1002.185120714239,0.0009978196436276347,0.05801254122705738,0.04202566516310031,0.05797168909296329,0.09797168909296329,0.0010860581161261963,0.6689139418838737,0.0,0.0,188.24,0.9,1.0
-1.740000000000009,1.5,254318473.0676346,567171149.5003219,21178526.284516763,276116.34316871985,170488987362.16003,1002.185120714239,0.0009978196436276347,0.05801221627822543,0.042025442878531404,0.05797137722230316,0.09797137722230316,0.0010857109192193356,0.6689142890807805,0.0,0.0,188.26,0.9,1.0
-1.7199999999999989,1.5,254562797.39889562,567717228.2553929,21198855.230468735,276293.2541692446,170652865064.89774,1002.185120714239,0.0009978196436276347,0.058011891436190774,0.04202522066708095,0.05797106545416444,0.09797106545416444,0.0010853638355344498,0.6689146361644654,0.0,0.0,188.28,0.9,1.0
-1.6999999999999886,1.5,254807354.79791492,568263828.698834,21219203.557579186,276470.2772902353,170816899151.88562,1002.185120714239,0.0009978196436276347,0.05801156670091608,0.04202499852872332,0.05797075378851132,0.09797075378851132,0.0010850168650331977,0.6689149831349668,0.0,0.0,188.3,0.9,1.0
-1.6800000000000068,1.5,255052145.48596373,568810951.3264172,21239571.284241375,276647.4126023575,170981089771.63147,1002.185120714239,0.0009978196436276347,0.05801124207236392,0.042024776463432896,0.05797044222530789,0.09797044222530789,0.0010846700076772417,0.6689153299923227,0.0,0.0,188.32,0.9,1.0
-1.6599999999999966,1.5,255297169.6845211,569358596.6343747,21259958.428865373,276824.66017632047,171145437072.77527,1002.185120714239,0.0009978196436276347,0.05801091755049846,0.04202455447118506,0.05797013076451992,0.09797013076451992,0.0010843232634282678,0.6689156767365716,0.0,0.0,188.34,0.9,1.0
-1.6399999999999864,1.5,255542427.61527497,569906765.1194131,21280365.00987922,277002.020082876,171309941204.10507,1002.185120714239,0.0009978196436276347,0.05801059313528238,0.042024332551954244,0.05796981940611145,0.09796981940611145,0.0010839766322479696,0.668916023367752,0.0,0.0,188.36,0.9,1.0
-1.6200000000000045,1.5,255787919.50012684,570455457.2787137,21300791.04572832,277179.4923928266,171474602314.54688,1002.185120714239,0.0009978196436276347,0.05801026882667933,0.04202411070571553,0.057969508150047776,0.09796950815004778,0.0010836301140980551,0.668916369885902,0.0,0.0,188.38,0.9,1.0
-1.5999999999999943,1.5,256033645.5611838,571004673.609921,21321236.554875318,277357.07717701176,171639420553.1684,1002.185120714239,0.0009978196436276347,0.05800994462465244,0.04202388893244363,0.057969196996293486,0.09796919699629349,0.0010832837089402461,0.6689167162910598,0.0,0.0,188.4,0.9,1.0
-1.5800000000000125,1.5,256279606.02076623,571554414.6111553,21341701.555800345,277534.77450632013,171804396069.1773,1002.185120714239,0.0009978196436276347,0.05800962052916546,0.04202366723211367,0.0579688859448138,0.0979688859448138,0.00108293741673628,0.6689170625832636,0.0,0.0,188.42,0.9,1.0
-1.5600000000000023,1.5,256525801.10140488,572104680.7810131,21362186.067001484,277712.58445168525,171969529011.92386,1002.185120714239,0.0009978196436276347,0.058009296540180985,0.042023445604700026,0.057968574995572834,0.09796857499557284,0.0010825912374479046,0.668917408762552,0.0,0.0,188.44,0.9,1.0
-1.539999999999992,1.5,256772231.02583957,572655472.6185536,21382690.106993653,277890.5070840827,172134819530.8986,1002.185120714239,0.0009978196436276347,0.05800897265766327,0.042023224050178165,0.057968264148536335,0.09796826414853634,0.0010822451710368864,0.6689177548289631,0.0,0.0,188.46,0.9,1.0
-1.5200000000000102,1.5,257018896.0170229,573206790.6233189,21403213.69430991,278068.54247453535,172300267775.7355,1002.185120714239,0.0009978196436276347,0.05800864888157491,0.04202300256852246,0.057967953403668386,0.09796795340366839,0.0010818992174649988,0.6689181007825349,0.0,0.0,188.48,0.9,1.0
-1.5,1.5,257265796.29811683,573758635.2953166,21423756.84750032,278246.6906941079,172465873896.2091,1002.185120714239,0.0009978196436276347,0.058008325211879715,0.042022781159708075,0.05796764276093424,0.09796764276093424,0.0010815533766940341,0.6689184466233059,0.0,0.0,188.5,0.9,1.0
-1.4799999999999898,1.5,257512932.09249926,574311007.1350405,21444319.58513322,278424.95181391534,172631638042.23764,1002.185120714239,0.0009978196436276347,0.0580080016485408,0.04202255982370974,0.057967332220298505,0.0979673322202985,0.001081207648685792,0.6689187923513142,0.0,0.0,188.52,0.9,1.0
-1.460000000000008,1.5,257760303.62375507,574863906.6434424,21464901.925793745,278603.3259051129,172797560363.87894,1002.185120714239,0.0009978196436276347,0.05800767819152293,0.04202233856050325,0.05796702178172746,0.09796702178172746,0.001080862033402093,0.6689191379665979,0.0,0.0,188.54,0.9,1.0
-1.4399999999999977,1.5,258007911.11567914,575417334.3219593,21485503.888085026,278781.8130388988,172963641011.33298,1002.185120714239,0.0009978196436276347,0.05800735484078725,0.042022117370062013,0.057966711445183665,0.09796671144518367,0.001080516530804768,0.6689194834691952,0.0,0.0,188.56,0.9,1.0
-1.4199999999999875,1.5,258255754.7922856,575971290.6725035,21506125.490628026,278960.4132865226,173129880134.9439,1002.185120714239,0.0009978196436276347,0.05800703159629906,0.0420218962523622,0.05796640121063384,0.09796640121063384,0.0010801711408556605,0.6689198288591442,0.0,0.0,188.58,0.9,1.0
-1.4000000000000057,1.5,258503834.8777916,576525776.1974546,21526766.752060667,279139.1267192723,173296277885.19577,1002.185120714239,0.0009978196436276347,0.05800670845802044,0.04202167520737783,0.057966091078041675,0.09796609107804168,0.0010798258635166312,0.6689201741364833,0.0,0.0,188.6,0.9,1.0
-1.3799999999999955,1.5,258752151.5966396,577080791.3996853,21547427.6910395,279317.9534084888,173462834412.7208,1002.185120714239,0.0009978196436276347,0.0580063854259168,0.042021454235085166,0.05796578104737387,0.09796578104737387,0.0010794806987495453,0.6689205193012503,0.0,0.0,188.62,0.9,1.0
-1.3600000000000136,1.5,259000705.17346802,577636336.782524,21568108.326237675,279496.893425547,173629549868.28464,1002.185120714239,0.0009978196436276347,0.058006062499949246,0.04202123333545756,0.057965471118593064,0.09796547111859306,0.0010791356465162964,0.6689208643534837,0.0,0.0,188.64,0.9,1.0
-1.3400000000000034,1.5,259249495.83314463,578192412.849793,21588808.676346723,279675.9468418788,173796424402.80566,1002.185120714239,0.0009978196436276347,0.05800573968008415,0.042021012508471914,0.057965161291667004,0.097965161291667,0.0010787907067787738,0.6689212092932211,0.0,0.0,188.66,0.9,1.0
-1.3199999999999932,1.5,259498523.80073732,578749020.1057856,21609528.76007586,279855.1137289513,173963458167.33835,1002.185120714239,0.0009978196436276347,0.05800541696628206,0.04202079175410123,0.05796485156655775,0.09796485156655775,0.0010784458794988953,0.668921554120501,0.0,0.0,188.68,0.9,1.0
-1.3000000000000114,1.5,259747789.30153453,579306159.0552692,21630268.596151568,280034.39415828185,174130651313.08414,1002.185120714239,0.0009978196436276347,0.05800509435850892,0.04202057107232209,0.05796454194323266,0.09796454194323266,0.001078101164638584,0.6689218988353614,0.0,0.0,188.7,0.9,1.0
-1.2800000000000011,1.5,259997292.56103534,579863830.2034982,21651028.203318592,280213.78820143215,174298003991.38568,1002.185120714239,0.0009978196436276347,0.05800477185672684,0.04202035046310858,0.05796423242165529,0.09796423242165529,0.0010777565621597797,0.6689222434378401,0.0,0.0,188.72,0.9,1.0
-1.259999999999991,1.5,260247033.80495238,580422034.0561973,21671807.600338895,280393.29593000683,174465516353.72855,1002.185120714239,0.0009978196436276347,0.058004449460900144,0.04202012992643618,0.05796392300179134,0.09796392300179134,0.0010774120720244357,0.6689225879279754,0.0,0.0,188.74,0.9,1.0
-1.240000000000009,1.5,260497013.25921395,580980771.1195767,21692606.805992585,280572.9174156604,174633188551.74295,1002.185120714239,0.0009978196436276347,0.05800412717099266,0.04201990946228011,0.05796361368360608,0.09796361368360608,0.0010770676941945182,0.6689229323058055,0.0,0.0,188.76,0.9,1.0
-1.2199999999999989,1.5,260747231.14996055,581540041.9003268,21713425.839077637,280752.65273008734,174801020737.20465,1002.185120714239,0.0009978196436276347,0.058003804986967104,0.04201968907061481,0.057963304467063596,0.0979633044670636,0.001076723428632004,0.668923276571368,0.0,0.0,188.78,0.9,1.0
-1.1999999999999886,1.5,260997687.7035486,582099846.905612,21734264.718409356,280932.5019450314,174969013062.02823,1002.185120714239,0.0009978196436276347,0.058003482908788755,0.04201946875141644,0.05796299535213067,0.09796299535213067,0.0010763792752988886,0.6689236207247009,0.0,0.0,188.8,0.9,1.0
-1.1800000000000068,1.5,261248383.14654535,582660186.6430832,21755123.46282133,281112.4651322771,175137165678.2778,1002.185120714239,0.0009978196436276347,0.058003160936419426,0.042019248504658845,0.057962686338770435,0.09796268633877044,0.0010760352341571777,0.6689239647658428,0.0,0.0,188.82,0.9,1.0
-1.1599999999999966,1.5,261499317.70573908,583221061.6208733,21776002.091164835,281292.54236366076,175305478738.1584,1002.185120714239,0.0009978196436276347,0.05800283906982437,0.04201902833031818,0.057962377426949645,0.09796237742694965,0.0010756913051688899,0.6689243086948311,0.0,0.0,188.84,0.9,1.0
-1.1399999999999864,1.5,261750491.60812363,583782472.3475878,21796900.622308668,281472.73371105536,175473952394.018,1002.185120714239,0.0009978196436276347,0.05800251730896589,0.04201880822836861,0.05796206861663188,0.09796206861663188,0.001075347488296062,0.668924652511704,0.0,0.0,188.86,0.9,1.0
-1.1200000000000045,1.5,262001905.08091706,584344419.3323272,21817819.075140134,281653.03924638685,175642586798.3533,1002.185120714239,0.0009978196436276347,0.058002195653808306,0.042018588198785664,0.05796175990778293,0.09796175990778293,0.001075003783500737,0.6689249962164991,0.0,0.0,188.88,0.9,1.0
-1.0999999999999943,1.5,262253558.35154814,584906903.0846642,21838757.46856387,281833.45904162386,175811382103.79987,1002.185120714239,0.0009978196436276347,0.05800187410431599,0.04201836824154489,0.05796145130036847,0.09796145130036847,0.0010746601907449787,0.668925339809255,0.0,0.0,188.9,0.9,1.0
-1.0800000000000125,1.5,262505451.64766094,585469924.1146605,21859715.821502723,282013.99316878006,175980338463.14343,1002.185120714239,0.0009978196436276347,0.05800155266045163,0.04201814835662073,0.05796114279435268,0.09796114279435268,0.0010743167099908602,0.6689256832900091,0.0,0.0,188.92,0.9,1.0
-1.0600000000000023,1.5,262757585.19711894,586033482.9328594,21880694.152897306,282194.6416999155,176149456029.31137,1002.185120714239,0.0009978196436276347,0.05800123132218065,0.04201792854398945,0.057960834389702336,0.09796083438970234,0.0010739733412004641,0.6689260266587994,0.0,0.0,188.94,0.9,1.0
-1.039999999999992,1.5,263009959.22799492,586597580.0502881,21901692.481706247,282375.4047071326,176318734955.37726,1002.185120714239,0.0009978196436276347,0.05800091008946481,0.04201770880362485,0.05796052608638049,0.09796052608638049,0.0010736300843358954,0.668926369915664,0.0,0.0,188.96,0.9,1.0
-1.0200000000000102,1.5,263262573.96858326,587162215.9784582,21922710.826906126,282556.2822625843,176488175394.55646,1002.185120714239,0.0009978196436276347,0.058000588962269006,0.04201748913550282,0.05796021788435348,0.09796021788435348,0.001073286939359269,0.6689267130606407,0.0,0.0,188.98,0.9,1.0
-1.0,1.5,263515429.64739087,587727391.2293597,21943749.207491174,282737.274438463,176657777500.21393,1002.185120714239,0.0009978196436276347,0.05800026794055751,0.042017269539598896,0.05795990978358694,0.09795990978358694,0.0010729439062327117,0.6689270560937672,0.0,0.0,189.0,0.9,1.0
-0.9799999999999898,1.5,263768526.49314487,588293106.3154832,21964807.64247424,282918.38130701263,176827541425.85803,1002.185120714239,0.0009978196436276347,0.05799994702429324,0.04201705001588764,0.0579596017840451,0.0979596017840451,0.0010726009849183634,0.6689273990150816,0.0,0.0,189.02,0.9,1.0
-0.960000000000008,1.5,264021864.734788,588859361.7497959,21985886.150885783,283099.6029405202,176997467325.14252,1002.185120714239,0.0009978196436276347,0.05799962621344046,0.04201683056434455,0.057959293885693645,0.09795929388569365,0.0010722581753783767,0.6689277418246214,0.0,0.0,189.04,0.9,1.0
-0.9399999999999977,1.5,264275444.6014753,589426158.0457456,22006984.751774207,283280.9394113163,177167555351.86554,1002.185120714239,0.0009978196436276347,0.05799930550796254,0.042016611184944506,0.057958986088497276,0.09795898608849728,0.001071915477574925,0.668928084522425,0.0,0.0,189.06,0.9,1.0
-0.9199999999999875,1.5,264529266.32258722,589993495.7172767,22028103.46420618,283462.3907917811,177337805659.97336,1002.185120714239,0.0009978196436276347,0.05799898490782496,0.0420163918776638,0.05795867839242271,0.09795867839242271,0.0010715728914701837,0.6689284271085297,0.0,0.0,189.08,0.9,1.0
-0.9000000000000057,1.5,264783330.12771398,590561375.2788172,22049242.307266362,283643.9571543369,177508218403.55753,1002.185120714239,0.0009978196436276347,0.057998664412989925,0.04201617264247656,0.05795837079743368,0.09795837079743368,0.00107123041702635,0.6689287695829735,0.0,0.0,189.1,0.9,1.0
-0.8799999999999955,1.5,265037636.24666518,591129797.2452781,22070401.300057154,283825.63857145177,177678793736.85245,1002.185120714239,0.0009978196436276347,0.057998344023421904,0.04201595347935841,0.05795806330349584,0.09795806330349584,0.001070888054205634,0.6689291119457943,0.0,0.0,189.12,0.9,1.0
-0.8600000000000136,1.5,265292184.9094718,591698762.132067,22091580.461699683,284007.4351156433,177849531814.24487,1002.185120714239,0.0009978196436276347,0.05799802373908523,0.04201573438828488,0.057957755910574914,0.09795775591057491,0.0010705458029702534,0.6689294541970296,0.0,0.0,189.14,0.9,1.0
-0.8400000000000034,1.5,265546976.34638092,592268270.4550759,22112779.811332706,284189.34685947356,178020432790.26093,1002.185120714239,0.0009978196436276347,0.0579977035599444,0.0420155153692316,0.057957448618636685,0.09795744861863669,0.0010702036632824446,0.6689297963367176,0.0,0.0,189.16,0.9,1.0
-0.8199999999999932,1.5,265802010.787852,592838322.7306815,22133999.36811319,284371.3738755441,178191496819.5769,1002.185120714239,0.0009978196436276347,0.0579973834859616,0.04201529642217269,0.057957141427644764,0.09795714142764476,0.0010698616351044576,0.6689301383648955,0.0,0.0,189.18,0.9,1.0
-0.8000000000000114,1.5,266057288.46457216,593408919.4757608,22155239.15121639,284553.5162365114,178362724057.01755,1002.185120714239,0.0009978196436276347,0.057997063517101814,0.04201507754708413,0.0579568343375654,0.0979568343375654,0.0010695197183985502,0.6689304802816013,0.0,0.0,189.2,0.9,1.0
-0.7800000000000011,1.5,266312809.6074396,593980061.2076656,22176499.17983549,284735.7740150713,178534114657.54855,1002.185120714239,0.0009978196436276347,0.05799674365332951,0.042014858743941515,0.05795652734836431,0.09795652734836431,0.001069177913127003,0.6689308220868729,0.0,0.0,189.22,0.9,1.0
-0.7599999999999909,1.5,266568574.44757876,594551748.4442573,22197779.473182157,284918.14728397137,178705668776.28815,1002.185120714239,0.0009978196436276347,0.05799642389460858,0.0420146400127201,0.05795622046000672,0.09795622046000672,0.0010688362192520973,0.6689311637807478,0.0,0.0,189.24,0.9,1.0
-0.7400000000000091,1.5,266824583.21632248,595123981.703867,22219080.050485782,285100.6361159971,178877386568.49643,1002.185120714239,0.0009978196436276347,0.05799610424090239,0.04201442135339478,0.05795591367245733,0.09795591367245733,0.001068494636736142,0.6689315053632638,0.0,0.0,189.26,0.9,1.0
-0.7199999999999989,1.5,267080836.14522952,595696761.5053257,22240400.930994198,285283.2405839848,179049268189.58444,1002.185120714239,0.0009978196436276347,0.057995784692175756,0.04201420276594141,0.05795560698568238,0.09795560698568238,0.0010681531655414521,0.6689318468344585,0.0,0.0,189.28,0.9,1.0
-0.6999999999999886,1.5,267337333.4660598,596270088.3679222,22261742.133972358,285465.9607608043,179221313795.0964,1002.185120714239,0.0009978196436276347,0.05799546524839192,0.0420139842503348,0.057955300399646574,0.09795530039964657,0.0010678118056303787,0.6689321881943696,0.0,0.0,189.3,0.9,1.0
-0.6800000000000068,1.5,267594075.41079754,596843962.811446,22283103.67870369,285648.7967193735,179393523540.72897,1002.185120714239,0.0009978196436276347,0.05799514590951452,0.042013765806550016,0.05795499391431507,0.09795499391431507,0.0010674705569652806,0.6689325294430347,0.0,0.0,189.32,0.9,1.0
-0.6599999999999966,1.5,267851062.21164945,597418385.356177,22304485.58448997,285831.7485326602,179565897582.32498,1002.185120714239,0.0009978196436276347,0.05799482667550926,0.042013547434563515,0.057954687529655234,0.09795468752965523,0.0010671294195085282,0.6689328705804916,0.0,0.0,189.34,0.9,1.0
-0.6399999999999864,1.5,268108294.1010327,597993356.5228839,22325887.87065083,286014.81627366936,179738436075.87494,1002.185120714239,0.0009978196436276347,0.05799450754633776,0.04201332913434902,0.05795438124563015,0.09795438124563015,0.0010667883932225118,0.6689332116067775,0.0,0.0,189.36,0.9,1.0
-0.6200000000000045,1.5,268365771.31159502,598568876.8328376,22347310.556524772,286198.00001546106,179911139177.519,1002.185120714239,0.0009978196436276347,0.057994188521965244,0.042013110905882674,0.057954075062206616,0.09795407506220662,0.0010664474780696276,0.6689335525219302,0.0,0.0,189.38,0.9,1.0
-0.5999999999999943,1.5,268623494.07619685,599144946.8077945,22368753.661468036,286381.299831135,180084007043.53946,1002.185120714239,0.0009978196436276347,0.05799386960235492,0.04201289274913925,0.057953768979349334,0.09795376897934933,0.001066106674012292,0.6689338933259876,0.0,0.0,189.4,0.9,1.0
-0.5800000000000125,1.5,268881462.627921,599721566.9700032,22390217.20485543,286564.7157938389,180257039830.37177,1002.185120714239,0.0009978196436276347,0.05799355078747146,0.04201267466409452,0.05795346299702452,0.09795346299702452,0.0010657659810129334,0.668934234018987,0.0,0.0,189.42,0.9,1.0
-0.5600000000000023,1.5,269139677.2000759,600298737.8422226,22411701.20608035,286748.2479767691,180430237694.59888,1002.185120714239,0.0009978196436276347,0.057993232077278606,0.042012456650723624,0.057953157115197405,0.0979531571151974,0.001065425399033986,0.6689345746009658,0.0,0.0,189.44,0.9,1.0
-0.539999999999992,1.5,269398138.02618325,600876459.9476914,22433205.684554152,286931.89645316405,180603600792.95084,1002.185120714239,0.0009978196436276347,0.05799291347173946,0.04201223870900129,0.057952851333832704,0.0979528513338327,0.0010650849280379093,0.6689349150719619,0.0,0.0,189.46,0.9,1.0
-0.5200000000000102,1.5,269656845.3399925,601454733.8101492,22454730.659706723,287115.6612963124,180777129282.30743,1002.185120714239,0.0009978196436276347,0.05799259497081992,0.04201202083890408,0.057952545652897695,0.0979525456528977,0.001064744567987166,0.6689352554320128,0.0,0.0,189.48,0.9,1.0
-0.5,1.5,269915799.3754699,602033559.9538357,22476276.150986437,287299.54257954506,180950823319.6957,1002.185120714239,0.0009978196436276347,0.057992276574482034,0.04201180304040603,0.05795224007235605,0.09795224007235605,0.0010644043188442374,0.6689355956811558,0.0,0.0,189.5,0.9,1.0
-0.47999999999998977,1.5,270175000.3668059,602612938.9034814,22497842.177859914,287483.5403762415,181124683062.2921,1002.185120714239,0.0009978196436276347,0.05799195828269108,0.042011585313483306,0.05795193459217456,0.09795193459217456,0.0010640641805716158,0.6689359358194283,0.0,0.0,189.52,0.9,1.0
-0.46000000000000796,1.5,270434448.548413,603192871.1843202,22519428.759812526,287667.65475982864,181298708667.4214,1002.185120714239,0.0009978196436276347,0.05799164009541089,0.0420113676581111,0.05795162921231841,0.09795162921231841,0.0010637241531318085,0.6689362758468681,0.0,0.0,189.54,0.9,1.0
-0.4399999999999977,1.5,270694144.15492254,603773357.3220778,22541035.91634762,287851.88580377505,181472900292.55847,1002.185120714239,0.0009978196436276347,0.057991322012605005,0.04201115007426443,0.05795132393275281,0.09795132393275281,0.0010633842364873355,0.6689366157635126,0.0,0.0,189.56,0.9,1.0
-0.4199999999999875,1.5,270954087.42119306,604354397.842984,22562663.666987393,288036.23358160164,181647258095.3289,1002.185120714239,0.0009978196436276347,0.05799100403423834,0.042010932561919234,0.05795101875344407,0.09795101875344407,0.0010630444306007276,0.6689369555693991,0.0,0.0,189.58,0.9,1.0
-0.4000000000000057,1.5,271214278.5822988,604935993.2737592,22584312.03127214,288220.6981668702,181821782233.50153,1002.185120714239,0.0009978196436276347,0.057990686160274016,0.042010715121050236,0.057950713674356856,0.09795071367435686,0.0010627047354345347,0.6689372952645654,0.0,0.0,189.6,0.9,1.0
-0.37999999999999545,1.5,271474717.87354517,605518144.1416358,22605981.028761372,288405.279633194,181996472865.00192,1002.185120714239,0.0009978196436276347,0.05799036839067688,0.04201049775163331,0.057950408695457416,0.09795040869545742,0.0010623651509513122,0.6689376348490487,0.0,0.0,189.62,0.9,1.0
-0.36000000000001364,1.5,271735405.5304528,606100850.9743307,22627670.67903224,288589.9780542279,182171330147.8987,1002.185120714239,0.0009978196436276347,0.057990050725411184,0.04201028045364396,0.05795010381671153,0.09795010381671153,0.0010620256771136372,0.6689379743228863,0.0,0.0,189.64,0.9,1.0
-0.3400000000000034,1.5,271996341.78877014,606684114.3000739,22649381.00168098,288774.7935036765,182346354240.418,1002.185120714239,0.0009978196436276347,0.05798973316444063,0.042010063227057304,0.057949799038084386,0.09794979903808439,0.001061686313884091,0.6689383136861159,0.0,0.0,189.66,0.9,1.0
-0.3199999999999932,1.5,272257526.88446516,607267934.6475874,22671112.016322322,288959.7260552887,182521545300.92734,1002.185120714239,0.0009978196436276347,0.057989415707729045,0.04200984607184853,0.05794949435954124,0.09794949435954124,0.0010613470612252773,0.6689386529387746,0.0,0.0,189.68,0.9,1.0
-0.30000000000001137,1.5,272518961.05373204,607852312.5460988,22692863.742589306,289144.775782862,182696903487.9495,1002.185120714239,0.0009978196436276347,0.05798909835524063,0.04200962898799311,0.057949189781047815,0.09794918978104782,0.0010610079190998072,0.6689389920809001,0.0,0.0,189.7,0.9,1.0
-0.28000000000000114,1.5,272780644.5329926,608437248.5253371,22714636.200133972,289329.94276024133,182872428960.15808,1002.185120714239,0.0009978196436276347,0.057988781106941806,0.04200941197546797,0.05794888530257194,0.09794888530257194,0.001060668887470303,0.6689393311125296,0.0,0.0,189.72,0.9,1.0
-0.2599999999999909,1.5,273042577.5588829,609022743.115531,22736429.40862656,289515.2270613132,183048121876.37302,1002.185120714239,0.0009978196436276347,0.05798846396279429,0.0420091950342469,0.05794858092407678,0.09794858092407678,0.0010603299662994069,0.6689396700337006,0.0,0.0,189.74,0.9,1.0
-0.2400000000000091,1.5,273304760.3682679,609608796.8474121,22758243.3877561,289700.62876001425,183223982395.5667,1002.185120714239,0.0009978196436276347,0.057988146922762274,0.04200897816430538,0.057948276645528034,0.09794827664552803,0.0010599911555497729,0.6689400088444503,0.0,0.0,189.76,0.9,1.0
-0.21999999999999886,1.5,273567193.1982409,610195410.2522148,22780078.15723034,289886.14793032914,183400010676.8621,1002.185120714239,0.0009978196436276347,0.05798782998681221,0.042008761365620324,0.05794797246689356,0.09794797246689356,0.001059652455184064,0.6689403475448158,0.0,0.0,189.78,0.9,1.0
-0.19999999999998863,1.5,273829876.2861136,610782583.8616812,22801933.736775607,290071.78464628523,183576206879.53476,1002.185120714239,0.0009978196436276347,0.05798751315490628,0.04200854463816586,0.057947668388136996,0.097947668388137,0.0010593138651649567,0.6689406861348349,0.0,0.0,189.8,0.9,1.0
-0.18000000000000682,1.5,274092809.8694267,611370318.2080554,22823810.146136984,290257.53898196056,183752571163.00797,1002.185120714239,0.0009978196436276347,0.05798719642700941,0.04200832798191793,0.057947364409224676,0.09794736440922468,0.0010589753854551467,0.6689410246145447,0.0,0.0,189.82,0.9,1.0
-0.1599999999999966,1.5,274355994.18594277,611958613.8240794,22845707.405078087,290443.4110114763,183929103686.85724,1002.185120714239,0.0009978196436276347,0.057986879803086325,0.042008111396852336,0.057947060530122795,0.0979470605301228,0.001058637016017337,0.6689413629839825,0.0,0.0,189.84,0.9,1.0
-0.13999999999998636,1.5,274619429.4736524,612547471.2430086,22867625.53338133,290629.4008090039,184105804610.81125,1002.185120714239,0.0009978196436276347,0.0579865632831014,0.042007894882944645,0.05794675675079713,0.09794675675079713,0.001058298756814246,0.6689417012431856,0.0,0.0,189.86,0.9,1.0
-0.12000000000000455,1.5,274883115.97076786,613136890.9985998,22889564.55084793,290815.50844875764,184282674094.7454,1002.185120714239,0.0009978196436276347,0.057986246867017956,0.042007678440169734,0.0579464530712124,0.0979464530712124,0.001057960607808607,0.6689420393921913,0.0,0.0,189.88,0.9,1.0
-0.09999999999999432,1.5,275147053.91573274,613726873.6251172,22911524.477297775,291001.7340050024,184459712298.69104,1002.185120714239,0.0009978196436276347,0.0579859305548018,0.04200746206850413,0.057946149491335884,0.09794614949133588,0.0010576225689631611,0.6689423774310368,0.0,0.0,189.9,0.9,1.0
-0.0800000000000125,1.5,275411243.54720867,614317419.6573299,22933505.332569435,291188.0775520461,184636919382.8279,1002.185120714239,0.0009978196436276347,0.05798561434641524,0.04200724576792202,0.05794584601113128,0.09794584601113128,0.0010572846402406705,0.6689427153597594,0.0,0.0,189.92,0.9,1.0
-0.060000000000002274,1.5,275675685.104093,614908529.6305157,22955507.136520512,291374.5391642493,184814295507.49274,1002.185120714239,0.0009978196436276347,0.057985298241825196,0.04200702953840067,0.05794554263056694,0.09794554263056694,0.001056946821603901,0.668943053178396,0.0,0.0,189.94,0.9,1.0
-0.03999999999999204,1.5,275940378.82550174,615500204.0804595,22977529.909027237,291561.11891601264,184991840833.1661,1002.185120714239,0.0009978196436276347,0.057984982240994486,0.04200681337991464,0.05794523934960707,0.09794523934960707,0.0010566091130156396,0.6689433908869843,0.0,0.0,189.96,0.9,1.0
-0.020000000000010232,1.5,276205324.95077705,616092443.5434477,22999573.669984505,291747.816881787,185169555520.48605,1002.185120714239,0.0009978196436276347,0.05798466634388744,0.04200659729243944,0.05794493616821735,0.09794493616821735,0.0010562715144386869,0.6689437284855613,0.0,0.0,189.98,0.9,1.0
0.0,1.5,276470523.71949583,616685248.556286,23021638.439306367,291934.6331360723,185347439730.24332,1002.185120714239,0.0009978196436276347,0.05798435055046998,0.04200638127595171,0.057944633086365153,0.09794463308636515,0.0010559340258358466,0.668944065974164,0.0,0.0,190.0,0.9,1.0
